Type|X1 Location|Y1 Location|X2 Location|Y2 Location|Net Name|Layer Number|Length|Width
Trace|-26.2890|1.9050|-24.1300|-0.2540|10105|L11-SIG2|3.053287|0.1181
Trace|-29.0253|1.9050|-26.2890|1.9050|10105|L11-SIG2|2.736300|0.1181
Trace|-29.4012|1.5292|-29.0253|1.9050|10105|L11-SIG2|0.531532|0.1181
Trace|-29.4012|1.3150|-29.4012|1.5292|10105|L11-SIG2|0.214200|0.1181
Trace|-29.4012|0.3987|-29.4012|1.3150|10105|L11-SIG2|0.916300|0.0737
Trace|-29.5999|0.2000|-29.4012|0.3987|10105|L11-SIG2|0.281004|0.0737
Trace|-22.8234|-59.2186|25.2730|-107.3150|10105|L11-SIG2|68.018581|0.1181
Trace|-22.8234|-3.1295|-22.8234|-59.2186|10105|L11-SIG2|56.089100|0.1181
Trace|-24.1300|-1.8229|-22.8234|-3.1295|10105|L11-SIG2|1.847811|0.1181
Trace|-24.1300|-0.2540|-24.1300|-1.8229|10105|L11-SIG2|1.568900|0.1181
Trace|25.2730|-116.7130|26.6700|-118.1100|10105|L11-SIG2|1.975656|0.1181
Trace|25.2730|-107.3150|25.2730|-116.7130|10105|L11-SIG2|9.398000|0.1181
Trace|-25.4355|-91.4045|19.0500|-135.8900|10202|L11-SIG2|62.911997|0.1181
Trace|-25.4355|-1.8695|-25.4355|-91.4045|10202|L11-SIG2|89.535000|0.1181
Trace|-27.3050|0.0000|-25.4355|-1.8695|10202|L11-SIG2|2.643872|0.1181
Trace|-29.5999|-0.6000|-29.3986|-0.3987|10202|L11-SIG2|0.284681|0.0737
Trace|-27.6849|0.0000|-27.3050|0.0000|10202|L11-SIG2|0.379900|0.1181
Trace|-29.2810|0.0000|-27.6849|0.0000|10202|L11-SIG2|1.596100|0.0737
Trace|-29.3986|-0.1177|-29.2810|0.0000|10202|L11-SIG2|0.166382|0.0737
Trace|-29.3986|-0.3987|-29.3986|-0.1177|10202|L11-SIG2|0.281000|0.0737
Trace|31.6230|-1.6510|32.6390|-1.6510|11502|L11-SIG2|1.016000|0.1181
Trace|31.3987|-1.4267|31.6230|-1.6510|11502|L11-SIG2|0.317208|0.1181
Trace|31.3987|-1.3149|31.3987|-1.4267|11502|L11-SIG2|0.111800|0.1181
Trace|31.3987|-0.7986|31.3987|-1.3149|11502|L11-SIG2|0.516300|0.0737
Trace|31.2000|-0.5999|31.3987|-0.7986|11502|L11-SIG2|0.281004|0.0737
Trace|33.6550|-0.6350|33.6550|3.2751|11502|L11-SIG2|3.910100|0.1181
Trace|32.6390|-1.6510|33.6550|-0.6350|11502|L11-SIG2|1.436841|0.1181
Trace|36.1950|5.8151|36.1950|9.6599|11502|L11-SIG2|3.844800|0.1181
Trace|33.6550|3.2751|36.1950|5.8151|11502|L11-SIG2|3.592102|0.1181
Trace|36.1950|9.6599|41.0959|14.5608|11502|L11-SIG2|6.930919|0.1181
Trace|41.0959|14.5608|41.0959|98.9937|11502|L11-SIG2|84.432900|0.1181
Trace|41.0959|98.9937|53.3469|111.2446|11502|L11-SIG2|17.325460|0.1181
Trace|53.3469|111.2446|53.3469|154.9469|11502|L11-SIG2|43.702300|0.1181
Trace|53.3469|154.9469|54.6100|156.2100|11502|L11-SIG2|1.786293|0.1181
Trace|30.6013|-0.3986|30.4000|-0.5999|11504|L11-SIG2|0.284681|0.0737
Trace|30.6013|-0.1176|30.6013|-0.3986|11504|L11-SIG2|0.281000|0.0737
Trace|30.7188|0.0000|30.6013|-0.1176|11504|L11-SIG2|0.166241|0.0737
Trace|32.2848|0.0000|30.7188|0.0000|11504|L11-SIG2|1.566000|0.0737
Trace|32.3150|0.0301|32.2848|0.0000|11504|L11-SIG2|0.042639|0.0737
Trace|32.6390|0.3542|32.3150|0.0301|11504|L11-SIG2|0.458276|0.1181
Trace|32.6390|3.8100|32.6390|0.3542|11504|L11-SIG2|3.455800|0.1181
Trace|33.5872|4.7582|32.6390|3.8100|11504|L11-SIG2|1.340957|0.1181
Trace|33.5872|9.5842|33.5872|4.7582|11504|L11-SIG2|4.826000|0.1181
Trace|35.8140|11.8110|33.5872|9.5842|11504|L11-SIG2|3.149171|0.1181
Trace|35.8140|97.8070|35.8140|11.8110|11504|L11-SIG2|85.996000|0.1181
Trace|48.2600|110.2530|35.8140|97.8070|11504|L11-SIG2|17.601302|0.1181
Trace|48.2600|154.9400|48.2600|110.2530|11504|L11-SIG2|44.687000|0.1181
Trace|49.5300|156.2100|48.2600|154.9400|11504|L11-SIG2|1.796051|0.1181
Trace|30.5987|0.3988|30.4000|0.2001|11508|L11-SIG2|0.281004|0.0737
Trace|30.5987|1.3151|30.5987|0.3988|11508|L11-SIG2|0.916300|0.0737
Trace|30.5987|4.6537|30.5987|1.3151|11508|L11-SIG2|3.338600|0.1181
Trace|30.9917|5.0467|30.5987|4.6537|11508|L11-SIG2|0.555786|0.1181
Trace|30.9917|10.6895|30.9917|5.0467|11508|L11-SIG2|5.642800|0.1181
Trace|32.7050|12.4028|30.9917|10.6895|11508|L11-SIG2|2.422972|0.1181
Trace|32.7050|98.7450|32.7050|12.4028|11508|L11-SIG2|86.342200|0.1181
Trace|38.2270|104.2670|32.7050|98.7450|11508|L11-SIG2|7.809287|0.1181
Trace|38.2270|155.0670|38.2270|104.2670|11508|L11-SIG2|50.800000|0.1181
Trace|39.3700|156.2100|38.2270|155.0670|11508|L11-SIG2|1.616446|0.1181
Trace|29.7180|1.9050|29.7180|12.7716|11510|L11-SIG2|10.866600|0.1181
Trace|30.1987|1.4243|29.7180|1.9050|11510|L11-SIG2|0.679812|0.1181
Trace|30.1987|1.3151|30.1987|1.4243|11510|L11-SIG2|0.109200|0.1181
Trace|30.1987|0.9178|30.1987|1.3151|11510|L11-SIG2|0.397300|0.0737
Trace|30.0798|0.7988|30.1987|0.9178|11510|L11-SIG2|0.168221|0.0737
Trace|29.9176|0.7988|30.0798|0.7988|11510|L11-SIG2|0.162200|0.0737
Trace|29.7189|0.6001|29.9176|0.7988|11510|L11-SIG2|0.281004|0.0737
Trace|29.6000|0.6001|29.7189|0.6001|11510|L11-SIG2|0.118900|0.0737
Trace|30.2116|13.2652|30.2116|100.8236|11510|L11-SIG2|87.558400|0.1181
Trace|29.7180|12.7716|30.2116|13.2652|11510|L11-SIG2|0.698056|0.1181
Trace|30.2116|100.8236|35.6870|106.2990|11510|L11-SIG2|7.743385|0.1181
Trace|35.6870|106.2990|35.6870|154.8130|11510|L11-SIG2|48.514000|0.1181
Trace|35.6870|154.8130|34.2900|156.2100|11510|L11-SIG2|1.975656|0.1181
Trace|27.2483|4.5613|27.2483|11.6137|11512|L11-SIG2|7.052400|0.1181
Trace|27.9400|3.8696|27.2483|4.5613|11512|L11-SIG2|0.978212|0.1181
Trace|27.9400|2.1590|27.9400|3.8696|11512|L11-SIG2|1.710600|0.1181
Trace|28.6013|1.4977|27.9400|2.1590|11512|L11-SIG2|0.935219|0.1181
Trace|28.6013|1.3151|28.6013|1.4977|11512|L11-SIG2|0.182600|0.1181
Trace|28.6013|0.7988|28.6013|1.3151|11512|L11-SIG2|0.516300|0.0737
Trace|28.8000|0.6001|28.6013|0.7988|11512|L11-SIG2|0.281004|0.0737
Trace|25.4988|13.3632|25.4988|104.2388|11512|L11-SIG2|90.875600|0.1181
Trace|27.2483|11.6137|25.4988|13.3632|11512|L11-SIG2|2.474167|0.1181
Trace|25.4988|104.2388|30.3530|109.0930|11512|L11-SIG2|6.864875|0.1181
Trace|30.3530|109.0930|30.3530|155.0670|11512|L11-SIG2|45.974000|0.1181
Trace|30.3530|155.0670|29.2100|156.2100|11512|L11-SIG2|1.616446|0.1181
Trace|11.5867|19.6553|22.6718|8.5702|11514|L11-SIG2|15.676699|0.1181
Trace|11.5867|27.8435|11.5867|19.6553|11514|L11-SIG2|8.188200|0.1181
Trace|16.8250|33.0817|11.5867|27.8435|11514|L11-SIG2|7.408004|0.1181
Trace|16.8250|106.6140|16.8250|33.0817|11514|L11-SIG2|73.532300|0.1181
Trace|22.9870|112.7760|16.8250|106.6140|11514|L11-SIG2|8.714384|0.1181
Trace|25.1473|0.3797|26.3256|-0.7986|11514|L11-SIG2|1.666368|0.1181
Trace|25.1473|2.1755|25.1473|0.3797|11514|L11-SIG2|1.795800|0.1181
Trace|24.7175|2.6053|25.1473|2.1755|11514|L11-SIG2|0.607829|0.1181
Trace|23.6837|2.6053|24.7175|2.6053|11514|L11-SIG2|1.033800|0.1181
Trace|22.6718|3.6172|23.6837|2.6053|11514|L11-SIG2|1.431043|0.1181
Trace|22.6718|8.5702|22.6718|3.6172|11514|L11-SIG2|4.953000|0.1181
Trace|22.9870|155.0670|22.9870|112.7760|11514|L11-SIG2|42.291000|0.1181
Trace|24.1300|156.2100|22.9870|155.0670|11514|L11-SIG2|1.616446|0.1181
Trace|28.2013|-0.7986|28.4000|-0.5999|11514|L11-SIG2|0.281004|0.0737
Trace|27.6850|-0.7986|28.2013|-0.7986|11514|L11-SIG2|0.516300|0.0737
Trace|26.3256|-0.7986|27.6850|-0.7986|11514|L11-SIG2|1.359400|0.1181
Trace|10.3533|18.8567|21.5785|7.6315|11515|L11-SIG2|15.874830|0.1181
Trace|10.3533|28.8387|10.3533|18.8567|11515|L11-SIG2|9.982000|0.1181
Trace|14.8135|33.2989|10.3533|28.8387|11515|L11-SIG2|6.307675|0.1181
Trace|14.8135|107.4429|14.8135|33.2989|11515|L11-SIG2|74.144000|0.1181
Trace|20.0050|112.6344|14.8135|107.4429|11515|L11-SIG2|7.341890|0.1181
Trace|25.0190|-1.9050|28.1521|-1.9050|11515|L11-SIG2|3.133100|0.1181
Trace|22.9014|0.2126|25.0190|-1.9050|11515|L11-SIG2|2.994739|0.1181
Trace|22.9014|2.0175|22.9014|0.2126|11515|L11-SIG2|1.804900|0.1181
Trace|21.5785|3.3404|22.9014|2.0175|11515|L11-SIG2|1.870863|0.1181
Trace|21.5785|7.6315|21.5785|3.3404|11515|L11-SIG2|4.291100|0.1181
Trace|20.0050|112.7150|20.0050|112.6344|11515|L11-SIG2|0.080600|0.1181
Trace|20.3200|113.0300|20.0050|112.7150|11515|L11-SIG2|0.445477|0.1181
Trace|20.3200|157.4800|20.3200|113.0300|11515|L11-SIG2|44.450000|0.1181
Trace|21.5900|158.7500|20.3200|157.4800|11515|L11-SIG2|1.796051|0.1181
Trace|28.5987|-0.8012|28.8000|-0.5999|11515|L11-SIG2|0.284681|0.0737
Trace|28.5987|-1.3149|28.5987|-0.8012|11515|L11-SIG2|0.513700|0.0737
Trace|28.5987|-1.4584|28.5987|-1.3149|11515|L11-SIG2|0.143500|0.1181
Trace|28.1521|-1.9050|28.5987|-1.4584|11515|L11-SIG2|0.631588|0.1181
Trace|1.5748|54.4906|9.0703|46.9951|11516|L11-SIG2|10.600238|0.1181
Trace|1.5748|138.7348|1.5748|54.4906|11516|L11-SIG2|84.244200|0.1181
Trace|19.0500|156.2100|1.5748|138.7348|11516|L11-SIG2|24.713665|0.1181
Trace|9.0703|17.9807|20.3200|6.7310|11516|L11-SIG2|15.909478|0.1181
Trace|9.0703|46.9951|9.0703|17.9807|11516|L11-SIG2|29.014400|0.1181
Trace|24.1300|-2.9210|28.0197|-2.9210|11516|L11-SIG2|3.889700|0.1181
Trace|20.3200|0.8890|24.1300|-2.9210|11516|L11-SIG2|5.388154|0.1181
Trace|20.3200|6.7310|20.3200|0.8890|11516|L11-SIG2|5.842000|0.1181
Trace|28.9987|-0.8012|29.2000|-0.5999|11516|L11-SIG2|0.284681|0.0737
Trace|28.9987|-1.3149|28.9987|-0.8012|11516|L11-SIG2|0.513700|0.0737
Trace|28.9987|-1.9420|28.9987|-1.3149|11516|L11-SIG2|0.627100|0.1181
Trace|28.0197|-2.9210|28.9987|-1.9420|11516|L11-SIG2|1.384515|0.1181
Trace|-42.9260|-114.0460|-44.4500|-115.5700|12106|L11-SIG2|2.155261|0.1181
Trace|-42.9260|-111.3790|-42.9260|-114.0460|12106|L11-SIG2|2.667000|0.1181
Trace|-33.9090|-102.3620|-42.9260|-111.3790|12106|L11-SIG2|12.751964|0.1181
Trace|-33.9090|-2.2860|-33.9090|-102.3620|12106|L11-SIG2|100.076000|0.1181
Trace|-32.4218|-0.7987|-33.9090|-2.2860|12106|L11-SIG2|2.103289|0.1181
Trace|-32.3149|-0.7987|-32.4218|-0.7987|12106|L11-SIG2|0.106900|0.1181
Trace|-31.7986|-0.7987|-32.3149|-0.7987|12106|L11-SIG2|0.516300|0.0737
Trace|-31.5999|-0.6000|-31.7986|-0.7987|12106|L11-SIG2|0.281004|0.0737
Trace|-40.7670|-116.9670|-41.9100|-118.1100|12107|L11-SIG2|1.616446|0.1181
Trace|-40.7670|-112.1410|-40.7670|-116.9670|12107|L11-SIG2|4.826000|0.1181
Trace|-32.7660|-104.1400|-40.7670|-112.1410|12107|L11-SIG2|11.315123|0.1181
Trace|-32.7660|-2.7437|-32.7660|-104.1400|12107|L11-SIG2|101.396300|0.1181
Trace|-31.4012|-1.3789|-32.7660|-2.7437|12107|L11-SIG2|1.930119|0.1181
Trace|-31.4012|-1.3150|-31.4012|-1.3789|12107|L11-SIG2|0.063900|0.1181
Trace|-31.4012|-0.8013|-31.4012|-1.3150|12107|L11-SIG2|0.513700|0.0737
Trace|-31.1999|-0.6000|-31.4012|-0.8013|12107|L11-SIG2|0.284681|0.0737
Trace|-31.6230|-107.8230|-39.3700|-115.5700|12108|L11-SIG2|10.955912|0.1181
Trace|-31.6230|-2.4252|-31.6230|-107.8230|12108|L11-SIG2|105.397800|0.1181
Trace|-31.0012|-1.8033|-31.6230|-2.4252|12108|L11-SIG2|0.879429|0.1181
Trace|-31.0012|-1.3150|-31.0012|-1.8033|12108|L11-SIG2|0.488300|0.1181
Trace|-31.0012|-0.8012|-31.0012|-1.3150|12108|L11-SIG2|0.513800|0.0737
Trace|-30.7999|-0.6000|-31.0012|-0.8012|12108|L11-SIG2|0.284610|0.0737
Trace|-30.6012|-114.1788|-29.2100|-115.5700|12112|L11-SIG2|1.967454|0.1181
Trace|-30.6012|-1.3150|-30.6012|-114.1788|12112|L11-SIG2|112.863800|0.1181
Trace|-30.6012|-0.8012|-30.6012|-1.3150|12112|L11-SIG2|0.513800|0.0737
Trace|-30.3999|-0.6000|-30.6012|-0.8012|12112|L11-SIG2|0.284610|0.0737
Trace|-54.6100|-135.8900|-53.3400|-134.6200|12202|L11-SIG2|1.796051|0.1181
Trace|-53.3400|-134.6200|-53.3400|-111.1250|12202|L11-SIG2|23.495000|0.1181
Trace|-53.3400|-111.1250|-48.6410|-106.4260|12202|L11-SIG2|6.645390|0.1181
Trace|-48.6410|-106.4260|-48.6410|-13.8430|12202|L11-SIG2|92.583000|0.1181
Trace|-48.6410|-13.8430|-33.1470|1.6510|12202|L11-SIG2|21.911825|0.1181
Trace|-31.6903|1.6510|-31.4012|1.3619|12202|L11-SIG2|0.408849|0.1181
Trace|-33.1470|1.6510|-31.6903|1.6510|12202|L11-SIG2|1.456700|0.1181
Trace|-31.4012|0.8013|-31.1999|0.6000|12202|L11-SIG2|0.284681|0.0737
Trace|-31.4012|1.3150|-31.4012|0.8013|12202|L11-SIG2|0.513700|0.0737
Trace|-31.4012|1.3619|-31.4012|1.3150|12202|L11-SIG2|0.046900|0.1181
Trace|-50.9270|-137.2870|-52.0700|-138.4300|12203|L11-SIG2|1.616446|0.1181
Trace|-50.9270|-112.0140|-50.9270|-137.2870|12203|L11-SIG2|25.273000|0.1181
Trace|-36.1950|-97.2820|-50.9270|-112.0140|12203|L11-SIG2|20.834194|0.1181
Trace|-36.1950|-2.4130|-36.1950|-97.2820|12203|L11-SIG2|94.869000|0.1181
Trace|-32.9833|0.7987|-36.1950|-2.4130|12203|L11-SIG2|4.542030|0.1181
Trace|-32.3149|0.7987|-32.9833|0.7987|12203|L11-SIG2|0.668400|0.1181
Trace|-31.7986|0.7987|-32.3149|0.7987|12203|L11-SIG2|0.516300|0.0737
Trace|-31.5999|0.6000|-31.7986|0.7987|12203|L11-SIG2|0.281004|0.0737
Trace|-48.2600|-134.6200|-49.5300|-135.8900|12204|L11-SIG2|1.796051|0.1181
Trace|-48.2600|-113.0300|-48.2600|-134.6200|12204|L11-SIG2|21.590000|0.1181
Trace|-35.0520|-99.8220|-48.2600|-113.0300|12204|L11-SIG2|18.678933|0.1181
Trace|-35.0520|-2.2860|-35.0520|-99.8220|12204|L11-SIG2|97.536000|0.1181
Trace|-32.3673|0.3987|-35.0520|-2.2860|12204|L11-SIG2|3.796739|0.1181
Trace|-32.3149|0.3987|-32.3673|0.3987|12204|L11-SIG2|0.052400|0.1181
Trace|-31.7986|0.3987|-32.3149|0.3987|12204|L11-SIG2|0.516300|0.0737
Trace|-31.5999|0.2000|-31.7986|0.3987|12204|L11-SIG2|0.281004|0.0737
Trace|-34.2900|-135.8900|-30.4800|-132.0800|12210|L11-SIG2|5.388154|0.1181
Trace|-30.4800|-132.0800|-16.0020|-132.0800|12210|L11-SIG2|14.478000|0.1181
Trace|-14.8590|-113.2840|-29.1701|-98.9729|12210|L11-SIG2|20.238952|0.1181
Trace|-29.1701|-98.9729|-29.1701|-4.6119|12210|L11-SIG2|94.361000|0.1181
Trace|-30.2012|-0.8013|-29.9999|-0.6000|12210|L11-SIG2|0.284681|0.0737
Trace|-30.2012|-1.1987|-30.2012|-0.8013|12210|L11-SIG2|0.397400|0.0737
Trace|-30.2012|-1.2555|-30.2012|-1.1987|12210|L11-SIG2|0.056800|0.1181
Trace|-29.8450|-1.6117|-30.2012|-1.2555|12210|L11-SIG2|0.503743|0.1181
Trace|-29.8450|-3.9370|-29.8450|-1.6117|12210|L11-SIG2|2.325300|0.1181
Trace|-29.1701|-4.6119|-29.8450|-3.9370|12210|L11-SIG2|0.954453|0.1181
Trace|-14.8590|-130.9370|-14.8590|-113.2840|12210|L11-SIG2|17.653000|0.1181
Trace|-16.0020|-132.0800|-14.8590|-130.9370|12210|L11-SIG2|1.616446|0.1181
Trace|-60.7060|-150.1140|-60.7060|-110.9980|12302|L11-SIG2|39.116000|0.1181
Trace|-54.6100|-156.2100|-60.7060|-150.1140|12302|L11-SIG2|8.621046|0.1181
Trace|-60.7060|-110.9980|-53.4670|-103.7590|12302|L11-SIG2|10.237492|0.1181
Trace|-53.4670|-103.7590|-53.4670|-14.3025|12302|L11-SIG2|89.456500|0.1181
Trace|-53.4670|-14.3025|-36.4975|2.6670|12302|L11-SIG2|23.998497|0.1181
Trace|-34.5440|3.3020|-30.9880|3.3020|12302|L11-SIG2|3.556000|0.1181
Trace|-35.1790|2.6670|-34.5440|3.3020|12302|L11-SIG2|0.898026|0.1181
Trace|-36.4975|2.6670|-35.1790|2.6670|12302|L11-SIG2|1.318500|0.1181
Trace|-30.2810|0.6000|-30.3999|0.6000|12302|L11-SIG2|0.118900|0.0737
Trace|-30.0823|0.7987|-30.2810|0.6000|12302|L11-SIG2|0.281004|0.0737
Trace|-29.9201|0.7987|-30.0823|0.7987|12302|L11-SIG2|0.162200|0.0737
Trace|-29.7986|0.9202|-29.9201|0.7987|12302|L11-SIG2|0.171827|0.0737
Trace|-29.7986|1.3150|-29.7986|0.9202|12302|L11-SIG2|0.394800|0.0737
Trace|-29.7986|1.4776|-29.7986|1.3150|12302|L11-SIG2|0.162600|0.1181
Trace|-30.0990|1.7780|-29.7986|1.4776|12302|L11-SIG2|0.424830|0.1181
Trace|-30.0990|2.4130|-30.0990|1.7780|12302|L11-SIG2|0.635000|0.1181
Trace|-30.9880|3.3020|-30.0990|2.4130|12302|L11-SIG2|1.257236|0.1181
Trace|-55.8800|-149.8600|-49.5300|-156.2100|12304|L11-SIG2|8.980256|0.1181
Trace|-57.7850|-149.8600|-55.8800|-149.8600|12304|L11-SIG2|1.905000|0.1181
Trace|-58.9280|-148.7170|-57.7850|-149.8600|12304|L11-SIG2|1.616446|0.1181
Trace|-58.9280|-113.0300|-58.9280|-148.7170|12304|L11-SIG2|35.687000|0.1181
Trace|-50.9270|-105.0290|-58.9280|-113.0300|12304|L11-SIG2|11.315123|0.1181
Trace|-50.9270|-14.3510|-50.9270|-105.0290|12304|L11-SIG2|90.678000|0.1181
Trace|-34.1630|2.4130|-50.9270|-14.3510|12304|L11-SIG2|23.707876|0.1181
Trace|-31.3690|2.4130|-34.1630|2.4130|12304|L11-SIG2|2.794000|0.1181
Trace|-31.0012|2.0452|-31.3690|2.4130|12304|L11-SIG2|0.520148|0.1181
Trace|-31.0012|1.3150|-31.0012|2.0452|12304|L11-SIG2|0.730200|0.1181
Trace|-31.0012|0.7928|-31.0012|1.3150|12304|L11-SIG2|0.522200|0.0737
Trace|-30.8084|0.6000|-31.0012|0.7928|12304|L11-SIG2|0.272660|0.0737
Trace|-30.7999|0.6000|-30.8084|0.6000|12304|L11-SIG2|0.008500|0.0737
Trace|-34.2900|-156.2100|-30.6070|-152.5270|12310|L11-SIG2|5.208549|0.1181
Trace|-30.6070|-152.5270|-16.0020|-152.5270|12310|L11-SIG2|14.605000|0.1181
Trace|-12.4460|-113.4110|-27.9118|-97.9452|12310|L11-SIG2|21.871944|0.1181
Trace|-27.9118|-97.9452|-27.9118|-3.9652|12310|L11-SIG2|93.980000|0.1181
Trace|-28.9986|-0.8013|-29.1999|-0.6000|12310|L11-SIG2|0.284681|0.0737
Trace|-28.9986|-1.3150|-28.9986|-0.8013|12310|L11-SIG2|0.513700|0.0737
Trace|-28.9986|-2.8784|-28.9986|-1.3150|12310|L11-SIG2|1.563400|0.1181
Trace|-27.9118|-3.9652|-28.9986|-2.8784|12310|L11-SIG2|1.536967|0.1181
Trace|-16.0020|-152.5270|-12.4460|-148.9710|12310|L11-SIG2|5.028943|0.1181
Trace|-12.4460|-148.9710|-12.4460|-113.4110|12310|L11-SIG2|35.560000|0.1181
Trace|-27.8130|-154.8130|-14.9860|-154.8130|12312|L11-SIG2|12.827000|0.1181
Trace|-29.2100|-156.2100|-27.8130|-154.8130|12312|L11-SIG2|1.975656|0.1181
Trace|-26.5794|-97.1186|-26.5794|-3.4289|12312|L11-SIG2|93.689700|0.1181
Trace|-9.2710|-114.4270|-26.5794|-97.1186|12312|L11-SIG2|24.477774|0.1181
Trace|-28.5986|-0.8013|-28.7999|-0.6000|12312|L11-SIG2|0.284681|0.0737
Trace|-28.5986|-1.3150|-28.5986|-0.8013|12312|L11-SIG2|0.513700|0.0737
Trace|-28.5986|-1.4097|-28.5986|-1.3150|12312|L11-SIG2|0.094700|0.1181
Trace|-26.5794|-3.4289|-28.5986|-1.4097|12312|L11-SIG2|2.855580|0.1181
Trace|-14.9860|-154.8130|-9.2710|-149.0980|12312|L11-SIG2|8.082231|0.1181
Trace|-9.2710|-149.0980|-9.2710|-114.4270|12312|L11-SIG2|34.671000|0.1181
Trace|29.8013|-0.7986|30.0000|-0.5999|31502|L11-SIG2|0.281004|0.0737
Trace|29.8013|-1.3149|29.8013|-0.7986|31502|L11-SIG2|0.516300|0.0737
Trace|29.8013|-1.4864|29.8013|-1.3149|31502|L11-SIG2|0.171500|0.1181
Trace|31.4899|-3.1750|29.8013|-1.4864|31502|L11-SIG2|2.388041|0.1181
Trace|34.5727|-3.1750|31.4899|-3.1750|31502|L11-SIG2|3.082800|0.1181
Trace|35.8140|-1.9337|34.5727|-3.1750|31502|L11-SIG2|1.755463|0.1181
Trace|35.8140|1.9050|35.8140|-1.9337|31502|L11-SIG2|3.838700|0.1181
Trace|37.2272|3.3182|35.8140|1.9050|31502|L11-SIG2|1.998567|0.1181
Trace|37.2272|4.2072|37.2272|3.3182|31502|L11-SIG2|0.889000|0.1181
Trace|49.9110|16.8910|37.2272|4.2072|31502|L11-SIG2|17.937602|0.1181
Trace|49.9110|98.4948|49.9110|16.8910|31502|L11-SIG2|81.603800|0.1181
Trace|58.9280|107.5118|49.9110|98.4948|31502|L11-SIG2|12.751964|0.1181
Trace|58.9280|162.0520|58.9280|107.5118|31502|L11-SIG2|54.540200|0.1181
Trace|54.6100|166.3700|58.9280|162.0520|31502|L11-SIG2|6.106574|0.1181
Trace|30.9987|-0.7986|30.8000|-0.5999|31504|L11-SIG2|0.281004|0.0737
Trace|30.9987|-1.3149|30.9987|-0.7986|31504|L11-SIG2|0.516300|0.0737
Trace|30.9987|-1.9157|30.9987|-1.3149|31504|L11-SIG2|0.600800|0.1181
Trace|31.4960|-2.4130|30.9987|-1.9157|31504|L11-SIG2|0.703288|0.1181
Trace|33.0200|-2.4130|31.4960|-2.4130|31504|L11-SIG2|1.524000|0.1181
Trace|34.5440|-0.8890|33.0200|-2.4130|31504|L11-SIG2|2.155261|0.1181
Trace|34.5440|2.2860|34.5440|-0.8890|31504|L11-SIG2|3.175000|0.1181
Trace|35.9969|3.7389|34.5440|2.2860|31504|L11-SIG2|2.054711|0.1181
Trace|35.9969|4.3135|35.9969|3.7389|31504|L11-SIG2|0.574600|0.1181
Trace|37.3380|5.6545|35.9969|4.3135|31504|L11-SIG2|1.896531|0.1181
Trace|37.3380|6.9662|37.3380|5.6545|31504|L11-SIG2|1.311700|0.1181
Trace|48.2453|17.8735|37.3380|6.9662|31504|L11-SIG2|15.425252|0.1181
Trace|48.2453|101.2523|48.2453|17.8735|31504|L11-SIG2|83.378800|0.1181
Trace|55.8800|108.8870|48.2453|101.2523|31504|L11-SIG2|10.797096|0.1181
Trace|51.4350|162.5600|55.3720|162.5600|31504|L11-SIG2|3.937000|0.1181
Trace|50.9270|163.0680|51.4350|162.5600|31504|L11-SIG2|0.718420|0.1181
Trace|50.9270|164.9730|50.9270|163.0680|31504|L11-SIG2|1.905000|0.1181
Trace|49.5300|166.3700|50.9270|164.9730|31504|L11-SIG2|1.975656|0.1181
Trace|55.8800|162.0520|55.8800|108.8870|31504|L11-SIG2|53.165000|0.1181
Trace|55.3720|162.5600|55.8800|162.0520|31504|L11-SIG2|0.718420|0.1181
Trace|-0.8514|54.2239|7.6185|45.7540|31512|L11-SIG2|11.978247|0.1181
Trace|-0.8514|145.8336|-0.8514|54.2239|31512|L11-SIG2|91.609700|0.1181
Trace|18.4150|165.1000|-0.8514|145.8336|31512|L11-SIG2|27.246804|0.1181
Trace|7.6185|17.2735|18.4150|6.4770|31512|L11-SIG2|15.268557|0.1181
Trace|7.6185|45.7540|7.6185|17.2735|31512|L11-SIG2|28.480500|0.1181
Trace|22.9435|-4.1476|27.8962|-4.1476|31512|L11-SIG2|4.952700|0.1181
Trace|18.4150|0.3810|22.9435|-4.1476|31512|L11-SIG2|6.404337|0.1181
Trace|18.4150|6.4770|18.4150|0.3810|31512|L11-SIG2|6.096000|0.1181
Trace|27.9400|165.1000|18.4150|165.1000|31512|L11-SIG2|9.525000|0.1181
Trace|29.3987|-0.8012|29.6000|-0.5999|31512|L11-SIG2|0.284681|0.0737
Trace|29.3987|-1.3149|29.3987|-0.8012|31512|L11-SIG2|0.513700|0.0737
Trace|29.3987|-2.6450|29.3987|-1.3149|31512|L11-SIG2|1.330100|0.1181
Trace|27.8962|-4.1476|29.3987|-2.6450|31512|L11-SIG2|2.124927|0.1181
Trace|29.2100|166.3700|27.9400|165.1000|31512|L11-SIG2|1.796051|0.1181
Trace|29.0013|0.7988|29.2000|0.6001|51510|L11-SIG2|0.281004|0.0737
Trace|29.0013|1.3151|29.0013|0.7988|51510|L11-SIG2|0.516300|0.0737
Trace|29.0013|1.9868|29.0013|1.3151|51510|L11-SIG2|0.671700|0.1181
Trace|28.5544|2.4336|29.0013|1.9868|51510|L11-SIG2|0.631941|0.1181
Trace|28.5544|12.8476|28.5544|2.4336|51510|L11-SIG2|10.414000|0.1181
Trace|27.9930|13.4090|28.5544|12.8476|51510|L11-SIG2|0.793939|0.1181
Trace|27.9930|102.9230|27.9930|13.4090|51510|L11-SIG2|89.514000|0.1181
Trace|33.0200|107.9500|27.9930|102.9230|51510|L11-SIG2|7.109252|0.1181
Trace|31.7500|153.6700|33.0200|152.4000|51510|L11-SIG2|1.796051|0.1181
Trace|33.0200|152.4000|33.0200|107.9500|51510|L11-SIG2|44.450000|0.1181
Trace|22.0980|13.2344|22.0980|104.5210|51511|L11-SIG2|91.286600|0.1181
Trace|26.0350|9.2974|22.0980|13.2344|51511|L11-SIG2|5.567759|0.1181
Trace|22.0980|104.5210|27.9400|110.3630|51511|L11-SIG2|8.261836|0.1181
Trace|26.0350|4.5720|26.0350|9.2974|51511|L11-SIG2|4.725400|0.1181
Trace|27.0751|3.5319|26.0350|4.5720|51511|L11-SIG2|1.470924|0.1181
Trace|27.0751|1.1344|27.0751|3.5319|51511|L11-SIG2|2.397500|0.1181
Trace|27.4081|0.8014|27.0751|1.1344|51511|L11-SIG2|0.470933|0.1181
Trace|27.6850|0.8014|27.4081|0.8014|51511|L11-SIG2|0.276900|0.1181
Trace|28.1987|0.8014|27.6850|0.8014|51511|L11-SIG2|0.513700|0.0737
Trace|28.4000|0.6001|28.1987|0.8014|51511|L11-SIG2|0.284681|0.0737
Trace|27.9400|110.3630|27.9400|160.0200|51511|L11-SIG2|49.657000|0.1181
Trace|27.9400|160.0200|29.2100|161.2900|51511|L11-SIG2|1.796051|0.1181
Trace|24.6337|4.7033|24.6337|8.7213|51512|L11-SIG2|4.018000|0.1181
Trace|26.1620|3.1750|24.6337|4.7033|51512|L11-SIG2|2.161343|0.1181
Trace|20.0660|13.2890|20.0660|106.1720|51512|L11-SIG2|92.883000|0.1181
Trace|24.6337|8.7213|20.0660|13.2890|51512|L11-SIG2|6.459703|0.1181
Trace|20.0660|106.1720|25.4000|111.5060|51512|L11-SIG2|7.543415|0.1181
Trace|25.4000|152.4000|26.6700|153.6700|51512|L11-SIG2|1.796051|0.1181
Trace|26.1620|1.1274|26.1620|3.1750|51512|L11-SIG2|2.047600|0.1181
Trace|26.8881|0.4014|26.1620|1.1274|51512|L11-SIG2|1.026790|0.1181
Trace|27.6850|0.4014|26.8881|0.4014|51512|L11-SIG2|0.796900|0.1181
Trace|28.1987|0.4014|27.6850|0.4014|51512|L11-SIG2|0.513700|0.0737
Trace|28.4000|0.2001|28.1987|0.4014|51512|L11-SIG2|0.284681|0.0737
Trace|25.4000|111.5060|25.4000|152.4000|51512|L11-SIG2|40.894000|0.1181
Trace|-28.3999|-1.3747|-24.1300|-5.6446|10110|L14-SIG3|6.038550|0.1181
Trace|-28.3999|-1.0000|-28.3999|-1.3747|10110|L14-SIG3|0.374700|0.1181
Trace|-22.7591|-53.4409|39.3700|-115.5700|10110|L14-SIG3|87.863816|0.1181
Trace|-22.7591|-8.6099|-22.7591|-53.4409|10110|L14-SIG3|44.831000|0.1181
Trace|-24.1300|-7.2390|-22.7591|-8.6099|10110|L14-SIG3|1.938745|0.1181
Trace|-24.1300|-5.6446|-24.1300|-7.2390|10110|L14-SIG3|1.594400|0.1181
Trace|-26.4463|-0.7987|-24.1300|-3.1151|10112|L14-SIG3|3.275814|0.1181
Trace|-27.6860|-0.7987|-26.4463|-0.7987|10112|L14-SIG3|1.239700|0.1181
Trace|-28.2012|-0.7987|-27.6860|-0.7987|10112|L14-SIG3|0.515200|0.0737
Trace|-28.3999|-0.6000|-28.2012|-0.7987|10112|L14-SIG3|0.281004|0.0737
Trace|-21.4259|-49.6941|44.4500|-115.5700|10112|L14-SIG3|93.162591|0.1181
Trace|-21.4259|-8.4483|-21.4259|-49.6941|10112|L14-SIG3|41.245800|0.1181
Trace|-22.8110|-7.0632|-21.4259|-8.4483|10112|L14-SIG3|1.958827|0.1181
Trace|-22.8110|-5.5283|-22.8110|-7.0632|10112|L14-SIG3|1.534900|0.1181
Trace|-23.5516|-4.7876|-22.8110|-5.5283|10112|L14-SIG3|1.047437|0.1181
Trace|-23.8206|-4.7876|-23.5516|-4.7876|10112|L14-SIG3|0.269000|0.1181
Trace|-24.1300|-4.4782|-23.8206|-4.7876|10112|L14-SIG3|0.437558|0.1181
Trace|-24.1300|-3.1151|-24.1300|-4.4782|10112|L14-SIG3|1.363100|0.1181
Trace|-27.6860|0.0000|-23.3436|0.0000|10114|L14-SIG3|4.342400|0.1181
Trace|-28.5750|0.0000|-27.6860|0.0000|10114|L14-SIG3|0.889000|0.0737
Trace|-28.7750|0.2000|-28.5750|0.0000|10114|L14-SIG3|0.282843|0.0737
Trace|-28.7999|0.2000|-28.7750|0.2000|10114|L14-SIG3|0.024900|0.0737
Trace|-20.1930|-45.8470|49.5300|-115.5700|10114|L14-SIG3|98.603212|0.1181
Trace|-20.1930|-8.3652|-20.1930|-45.8470|10114|L14-SIG3|37.481800|0.1181
Trace|-21.5900|-6.9682|-20.1930|-8.3652|10114|L14-SIG3|1.975656|0.1181
Trace|-21.5900|-5.6329|-21.5900|-6.9682|10114|L14-SIG3|1.335300|0.1181
Trace|-22.8790|-4.3439|-21.5900|-5.6329|10114|L14-SIG3|1.822921|0.1181
Trace|-22.8790|-0.4646|-22.8790|-4.3439|10114|L14-SIG3|3.879300|0.1181
Trace|-23.3436|0.0000|-22.8790|-0.4646|10114|L14-SIG3|0.657044|0.1181
Trace|9.5250|-120.6500|-26.7523|-84.3727|10204|L14-SIG3|51.303850|0.1181
Trace|-26.7523|-84.3727|-26.7523|-8.7630|10204|L14-SIG3|75.609700|0.1181
Trace|-27.9400|-7.5753|-27.9400|-4.8260|10204|L14-SIG3|2.749300|0.1181
Trace|-26.7523|-8.7630|-27.9400|-7.5753|10204|L14-SIG3|1.679661|0.1181
Trace|-29.7986|-0.7156|-29.7986|-0.3987|10204|L14-SIG3|0.316900|0.0737
Trace|-29.8843|-0.8013|-29.7986|-0.7156|10204|L14-SIG3|0.121198|0.0737
Trace|-30.0848|-0.8013|-29.8843|-0.8013|10204|L14-SIG3|0.200500|0.0737
Trace|-30.2012|-0.9177|-30.0848|-0.8013|10204|L14-SIG3|0.164614|0.0737
Trace|-30.2012|-1.2700|-30.2012|-0.9177|10204|L14-SIG3|0.352300|0.0737
Trace|-30.2012|-1.3827|-30.2012|-1.2700|10204|L14-SIG3|0.112700|0.1181
Trace|-29.8783|-1.7056|-30.2012|-1.3827|10204|L14-SIG3|0.456650|0.1181
Trace|-29.8783|-2.8877|-29.8783|-1.7056|10204|L14-SIG3|1.182100|0.1181
Trace|-27.9400|-4.8260|-29.8783|-2.8877|10204|L14-SIG3|2.741170|0.1181
Trace|-29.7986|-0.3987|-29.5999|-0.2000|10204|L14-SIG3|0.281004|0.0737
Trace|9.5250|-131.8260|9.5250|-120.6500|10204|L14-SIG3|11.176000|0.1181
Trace|14.9860|-137.2870|9.5250|-131.8260|10204|L14-SIG3|7.723020|0.1181
Trace|22.7330|-137.2870|14.9860|-137.2870|10204|L14-SIG3|7.747000|0.1181
Trace|24.1300|-135.8900|22.7330|-137.2870|10204|L14-SIG3|1.975656|0.1181
Trace|-25.2730|-82.9310|11.8110|-120.0150|10210|L14-SIG3|52.444696|0.1181
Trace|-25.2730|-8.7630|-25.2730|-82.9310|10210|L14-SIG3|74.168000|0.1181
Trace|-26.6700|-7.3660|-25.2730|-8.7630|10210|L14-SIG3|1.975656|0.1181
Trace|-26.6700|-5.0800|-26.6700|-7.3660|10210|L14-SIG3|2.286000|0.1181
Trace|-29.1999|-2.5501|-26.6700|-5.0800|10210|L14-SIG3|3.577819|0.1181
Trace|-29.1999|-1.2700|-29.1999|-2.5501|10210|L14-SIG3|1.280100|0.1181
Trace|-29.1999|-1.0000|-29.1999|-1.2700|10210|L14-SIG3|0.270000|0.1181
Trace|14.8590|-134.4930|37.9730|-134.4930|10210|L14-SIG3|23.114000|0.1181
Trace|11.8110|-131.4450|14.8590|-134.4930|10210|L14-SIG3|4.310523|0.1181
Trace|11.8110|-120.0150|11.8110|-131.4450|10210|L14-SIG3|11.430000|0.1181
Trace|37.9730|-134.4930|39.3700|-135.8900|10210|L14-SIG3|1.975656|0.1181
Trace|-25.4000|-7.5424|-23.9254|-9.0170|10212|L14-SIG3|2.085399|0.1181
Trace|-25.4000|-5.1714|-25.4000|-7.5424|10212|L14-SIG3|2.371000|0.1181
Trace|-28.7999|-1.7715|-25.4000|-5.1714|10212|L14-SIG3|4.808185|0.1181
Trace|-28.7999|-1.0000|-28.7999|-1.7715|10212|L14-SIG3|0.771500|0.1181
Trace|-23.9254|-81.7386|13.9700|-119.6340|10212|L14-SIG3|53.592189|0.1181
Trace|-23.9254|-9.0170|-23.9254|-81.7386|10212|L14-SIG3|72.721600|0.1181
Trace|15.8750|-132.0800|40.6400|-132.0800|10212|L14-SIG3|24.765000|0.1181
Trace|13.9700|-130.1750|15.8750|-132.0800|10212|L14-SIG3|2.694077|0.1181
Trace|13.9700|-119.6340|13.9700|-130.1750|10212|L14-SIG3|10.541000|0.1181
Trace|40.6400|-132.0800|44.4500|-135.8900|10212|L14-SIG3|5.388154|0.1181
Trace|32.2580|2.2860|32.2580|11.1760|11507|L14-SIG3|8.890000|0.1181
Trace|31.3987|1.4267|32.2580|2.2860|11507|L14-SIG3|1.215234|0.1181
Trace|31.3987|1.2700|31.3987|1.4267|11507|L14-SIG3|0.156700|0.1181
Trace|31.3987|0.3988|31.3987|1.2700|11507|L14-SIG3|0.871200|0.0737
Trace|31.2000|0.2001|31.3987|0.3988|11507|L14-SIG3|0.281004|0.0737
Trace|32.2580|11.1760|34.1630|13.0810|11507|L14-SIG3|2.694077|0.1181
Trace|34.1630|13.0810|34.1630|21.0820|11507|L14-SIG3|8.001000|0.1181
Trace|34.1630|21.0820|44.5770|31.4960|11507|L14-SIG3|14.727620|0.1181
Trace|44.5770|31.4960|44.5770|92.4560|11507|L14-SIG3|60.960000|0.1181
Trace|44.5770|92.4560|62.4840|110.3630|11507|L14-SIG3|25.324322|0.1181
Trace|43.1800|157.4800|41.9100|158.7500|11507|L14-SIG3|1.796051|0.1181
Trace|57.9120|157.4800|43.1800|157.4800|11507|L14-SIG3|14.732000|0.1181
Trace|62.4840|152.9080|57.9120|157.4800|11507|L14-SIG3|6.465784|0.1181
Trace|62.4840|110.3630|62.4840|152.9080|11507|L14-SIG3|42.545000|0.1181
Trace|-53.3397|-175.2597|-53.3397|-16.7637|12402|L14-SIG3|158.496000|0.1181
Trace|-54.6100|-176.5300|-53.3397|-175.2597|12402|L14-SIG3|1.796475|0.1181
Trace|-53.3397|-16.7637|-33.9090|2.6670|12402|L14-SIG3|27.479159|0.1181
Trace|-33.9090|2.6670|-30.9880|2.6670|12402|L14-SIG3|2.921000|0.1181
Trace|-30.2012|0.3987|-30.3999|0.2000|12402|L14-SIG3|0.281004|0.0737
Trace|-30.2012|0.6798|-30.2012|0.3987|12402|L14-SIG3|0.281100|0.0737
Trace|-30.0797|0.8013|-30.2012|0.6798|12402|L14-SIG3|0.171827|0.0737
Trace|-29.9176|0.8013|-30.0797|0.8013|12402|L14-SIG3|0.162100|0.0737
Trace|-29.8012|0.9177|-29.9176|0.8013|12402|L14-SIG3|0.164614|0.0737
Trace|-29.8012|1.2700|-29.8012|0.9177|12402|L14-SIG3|0.352300|0.0737
Trace|-29.8012|1.4802|-29.8012|1.2700|12402|L14-SIG3|0.210200|0.1181
Trace|-30.9880|2.6670|-29.8012|1.4802|12402|L14-SIG3|1.678389|0.1181
Trace|-45.7197|-172.7197|-49.5300|-176.5300|12404|L14-SIG3|5.388578|0.1181
Trace|-45.7197|-91.9477|-45.7197|-172.7197|12404|L14-SIG3|80.772000|0.1181
Trace|-35.8137|-82.0417|-45.7197|-91.9477|12404|L14-SIG3|14.009200|0.1181
Trace|-35.8137|-1.0157|-35.8137|-82.0417|12404|L14-SIG3|81.026000|0.1181
Trace|-33.1470|1.6510|-35.8137|-1.0157|12404|L14-SIG3|3.771283|0.1181
Trace|-31.2430|1.6510|-33.1470|1.6510|12404|L14-SIG3|1.904000|0.1181
Trace|-30.9997|1.4077|-31.2430|1.6510|12404|L14-SIG3|0.344078|0.1181
Trace|-30.9997|1.3150|-30.9997|1.4077|12404|L14-SIG3|0.092700|0.1181
Trace|-30.9997|0.3998|-30.9997|1.3150|12404|L14-SIG3|0.915200|0.0737
Trace|-30.7999|0.2000|-30.9997|0.3998|12404|L14-SIG3|0.282560|0.0737
Trace|-39.3700|-176.5300|-38.0997|-175.2597|12408|L14-SIG3|1.796475|0.1181
Trace|-38.0997|-175.2597|-38.0997|-91.4397|12408|L14-SIG3|83.820000|0.1181
Trace|-34.2897|-87.6297|-34.2897|-1.2697|12408|L14-SIG3|86.360000|0.1181
Trace|-38.0997|-91.4397|-34.2897|-87.6297|12408|L14-SIG3|5.388154|0.1181
Trace|-34.2897|-1.2697|-32.6213|0.3987|12408|L14-SIG3|2.359474|0.1181
Trace|-32.2580|0.3987|-31.3986|0.3987|12408|L14-SIG3|0.859400|0.0737
Trace|-32.6213|0.3987|-32.2580|0.3987|12408|L14-SIG3|0.363300|0.1181
Trace|-31.3986|0.3987|-31.1999|0.2000|12408|L14-SIG3|0.281004|0.0737
Trace|-36.8300|-179.0700|-35.3057|-177.5457|12409|L14-SIG3|2.155686|0.1181
Trace|-35.3057|-177.5457|-35.3057|-92.9637|12409|L14-SIG3|84.582000|0.1181
Trace|-35.3057|-92.9637|-32.7657|-90.4237|12409|L14-SIG3|3.592102|0.1181
Trace|-32.7657|-90.4237|-32.7657|-2.5824|12409|L14-SIG3|87.841300|0.1181
Trace|-31.7713|-1.8227|-31.4012|-1.4525|12409|L14-SIG3|0.523471|0.1270
Trace|-32.0061|-1.8227|-31.7713|-1.8227|12409|L14-SIG3|0.234800|0.1270
Trace|-32.7657|-2.5824|-32.0061|-1.8227|12409|L14-SIG3|1.074307|0.1270
Trace|-31.4012|-1.3150|-31.4012|-0.4013|12409|L14-SIG3|0.913700|0.0737
Trace|-31.4012|-1.4525|-31.4012|-1.3150|12409|L14-SIG3|0.137500|0.1270
Trace|-31.4012|-0.4013|-31.1999|-0.2000|12409|L14-SIG3|0.284681|0.0737
Trace|-31.7500|-179.0700|-30.4797|-177.7997|12411|L14-SIG3|1.796475|0.1181
Trace|-29.7177|-172.7197|-15.4937|-172.7197|12411|L14-SIG3|14.224000|0.1181
Trace|-30.4797|-173.4817|-29.7177|-172.7197|12411|L14-SIG3|1.077631|0.1181
Trace|-30.4797|-177.7997|-30.4797|-173.4817|12411|L14-SIG3|4.318000|0.1181
Trace|-29.1958|-87.7712|-29.1958|-9.5392|12411|L14-SIG3|78.232000|0.1181
Trace|-13.9697|-102.9973|-29.1958|-87.7712|12411|L14-SIG3|21.532957|0.1181
Trace|-30.4166|-8.3184|-30.4166|-4.5084|12411|L14-SIG3|3.810000|0.1181
Trace|-29.1958|-9.5392|-30.4166|-8.3184|12411|L14-SIG3|1.726472|0.1181
Trace|-30.9986|-1.2700|-30.9986|-0.3987|12411|L14-SIG3|0.871300|0.0737
Trace|-30.9986|-1.7790|-30.9986|-1.2700|12411|L14-SIG3|0.509000|0.1181
Trace|-31.3776|-2.1580|-30.9986|-1.7790|12411|L14-SIG3|0.535987|0.1181
Trace|-31.3776|-3.5474|-31.3776|-2.1580|12411|L14-SIG3|1.389400|0.1181
Trace|-30.4166|-4.5084|-31.3776|-3.5474|12411|L14-SIG3|1.359059|0.1181
Trace|-30.9986|-0.3987|-30.7999|-0.2000|12411|L14-SIG3|0.281004|0.0737
Trace|-13.9697|-171.1957|-13.9697|-102.9973|12411|L14-SIG3|68.198400|0.1181
Trace|-15.4937|-172.7197|-13.9697|-171.1957|12411|L14-SIG3|2.155261|0.1181
Trace|-27.9397|-175.2597|-29.2100|-176.5300|12412|L14-SIG3|1.796475|0.1181
Trace|-14.9857|-175.2597|-27.9397|-175.2597|12412|L14-SIG3|12.954000|0.1181
Trace|-27.9087|-86.1373|-11.1757|-102.8702|12412|L14-SIG3|23.663965|0.1181
Trace|-27.9087|-9.5563|-27.9087|-86.1373|12412|L14-SIG3|76.581000|0.1181
Trace|-29.2100|-8.2550|-27.9087|-9.5563|12412|L14-SIG3|1.840316|0.1181
Trace|-29.2100|-4.6990|-29.2100|-8.2550|12412|L14-SIG3|3.556000|0.1181
Trace|-30.6070|-3.3020|-29.2100|-4.6990|12412|L14-SIG3|1.975656|0.1181
Trace|-30.6070|-1.2700|-30.6070|-3.3020|12412|L14-SIG3|2.032000|0.1181
Trace|-30.6012|-1.2642|-30.6070|-1.2700|12412|L14-SIG3|0.008202|0.0737
Trace|-30.6012|-0.5202|-30.6012|-1.2642|12412|L14-SIG3|0.744000|0.0737
Trace|-30.4823|-0.4013|-30.6012|-0.5202|12412|L14-SIG3|0.168150|0.0737
Trace|-30.2012|-0.4013|-30.4823|-0.4013|12412|L14-SIG3|0.281100|0.0737
Trace|-29.9999|-0.2000|-30.2012|-0.4013|12412|L14-SIG3|0.284681|0.0737
Trace|-11.1757|-171.4497|-14.9857|-175.2597|12412|L14-SIG3|5.388154|0.1181
Trace|-11.1757|-102.8702|-11.1757|-171.4497|12412|L14-SIG3|68.579500|0.1181
Trace|29.7987|0.3988|29.6000|0.2001|51502|L14-SIG3|0.281004|0.0737
Trace|30.1168|0.3988|29.7987|0.3988|51502|L14-SIG3|0.318100|0.0737
Trace|30.1987|0.4807|30.1168|0.3988|51502|L14-SIG3|0.115824|0.0737
Trace|30.1987|1.2700|30.1987|0.4807|51502|L14-SIG3|0.789300|0.0737
Trace|30.1987|1.4271|30.1987|1.2700|51502|L14-SIG3|0.157100|0.1181
Trace|30.9880|2.2164|30.1987|1.4271|51502|L14-SIG3|1.116239|0.1181
Trace|30.9880|11.9380|30.9880|2.2164|51502|L14-SIG3|9.721600|0.1181
Trace|32.6390|13.5890|30.9880|11.9380|51502|L14-SIG3|2.334867|0.1181
Trace|32.6390|22.2250|32.6390|13.5890|51502|L14-SIG3|8.636000|0.1181
Trace|42.2910|31.8770|32.6390|22.2250|51502|L14-SIG3|13.649989|0.1181
Trace|42.2910|93.7260|42.2910|31.8770|51502|L14-SIG3|61.849000|0.1181
Trace|60.8330|112.2680|42.2910|93.7260|51502|L14-SIG3|26.222348|0.1181
Trace|53.2130|152.5270|58.2930|152.5270|51502|L14-SIG3|5.080000|0.1181
Trace|52.0700|153.6700|53.2130|152.5270|51502|L14-SIG3|1.616446|0.1181
Trace|60.8330|149.9870|60.8330|112.2680|51502|L14-SIG3|37.719000|0.1181
Trace|58.2930|152.5270|60.8330|149.9870|51502|L14-SIG3|3.592102|0.1181
Trace|29.7635|2.1679|29.7635|12.9995|51504|L14-SIG3|10.831600|0.1181
Trace|29.0011|1.4055|29.7635|2.1679|51504|L14-SIG3|1.078196|0.1181
Trace|29.0011|1.3151|29.0011|1.4055|51504|L14-SIG3|0.090400|0.1181
Trace|29.0011|0.3990|29.0011|1.3151|51504|L14-SIG3|0.916100|0.0737
Trace|29.2000|0.2001|29.0011|0.3990|51504|L14-SIG3|0.281287|0.0737
Trace|30.2021|13.4381|30.2021|22.7091|51504|L14-SIG3|9.271000|0.1181
Trace|29.7635|12.9995|30.2021|13.4381|51504|L14-SIG3|0.620274|0.1181
Trace|30.2021|22.7091|39.8780|32.3850|51504|L14-SIG3|13.683789|0.1181
Trace|39.8780|32.3850|39.8780|94.7420|51504|L14-SIG3|62.357000|0.1181
Trace|39.8780|94.7420|59.1820|114.0460|51504|L14-SIG3|27.299979|0.1181
Trace|50.8000|149.8600|46.9900|153.6700|51504|L14-SIG3|5.388154|0.1181
Trace|58.0390|149.8600|50.8000|149.8600|51504|L14-SIG3|7.239000|0.1181
Trace|59.1820|114.0460|59.1820|148.7170|51504|L14-SIG3|34.671000|0.1181
Trace|59.1820|148.7170|58.0390|149.8600|51504|L14-SIG3|1.616446|0.1181
Trace|14.6050|111.8870|27.9930|98.4990|51506|L14-SIG3|18.933491|0.1181
Trace|14.6050|142.3670|14.6050|111.8870|51506|L14-SIG3|30.480000|0.1181
Trace|17.1450|144.9070|14.6050|142.3670|51506|L14-SIG3|3.592102|0.1181
Trace|40.3860|144.9070|17.1450|144.9070|51506|L14-SIG3|23.241000|0.1181
Trace|28.6013|0.3988|28.8000|0.2001|51506|L14-SIG3|0.281004|0.0737
Trace|28.6013|1.2700|28.6013|0.3988|51506|L14-SIG3|0.871200|0.0737
Trace|28.6013|10.1337|28.6013|1.2700|51506|L14-SIG3|8.863700|0.1181
Trace|27.9930|10.7420|28.6013|10.1337|51506|L14-SIG3|0.860266|0.1181
Trace|27.9930|98.4990|27.9930|10.7420|51506|L14-SIG3|87.757000|0.1181
Trace|40.7670|145.2880|40.3860|144.9070|51506|L14-SIG3|0.538815|0.1181
Trace|40.7670|152.5270|40.7670|145.2880|51506|L14-SIG3|7.239000|0.1181
Trace|41.9100|153.6700|40.7670|152.5270|51506|L14-SIG3|1.616446|0.1181
Trace|25.5339|98.2911|12.4460|111.3790|51508|L14-SIG3|18.509086|0.1181
Trace|12.4460|111.3790|12.4460|143.5100|51508|L14-SIG3|32.131000|0.1181
Trace|16.3830|147.4470|34.4976|147.4470|51508|L14-SIG3|18.114600|0.1181
Trace|12.4460|143.5100|16.3830|147.4470|51508|L14-SIG3|5.567759|0.1181
Trace|25.9080|5.0472|25.9080|7.4930|51508|L14-SIG3|2.445800|0.1181
Trace|26.6639|4.2913|25.9080|5.0472|51508|L14-SIG3|1.069004|0.1181
Trace|26.6639|0.8877|26.6639|4.2913|51508|L14-SIG3|3.403600|0.1181
Trace|27.1528|0.3988|26.6639|0.8877|51508|L14-SIG3|0.691409|0.1181
Trace|27.6850|0.3988|27.1528|0.3988|51508|L14-SIG3|0.532200|0.1181
Trace|28.0823|0.3988|27.6850|0.3988|51508|L14-SIG3|0.397300|0.0737
Trace|28.1987|0.2824|28.0823|0.3988|51508|L14-SIG3|0.164614|0.0737
Trace|28.1987|0.1203|28.1987|0.2824|51508|L14-SIG3|0.162100|0.0737
Trace|28.3176|0.0014|28.1987|0.1203|51508|L14-SIG3|0.168150|0.0737
Trace|28.5987|0.0014|28.3176|0.0014|51508|L14-SIG3|0.281100|0.0737
Trace|28.8000|-0.1999|28.5987|0.0014|51508|L14-SIG3|0.284681|0.0737
Trace|25.5339|7.8671|25.5339|98.2911|51508|L14-SIG3|90.424000|0.1181
Trace|25.9080|7.4930|25.5339|7.8671|51508|L14-SIG3|0.529057|0.1181
Trace|35.6870|148.6364|35.6870|152.5270|51508|L14-SIG3|3.890600|0.1181
Trace|34.4976|147.4470|35.6870|148.6364|51508|L14-SIG3|1.682066|0.1181
Trace|35.6870|152.5270|36.8300|153.6700|51508|L14-SIG3|1.616446|0.1181
Trace|10.2870|110.7440|10.2870|144.2720|51514|L14-SIG3|33.528000|0.1181
Trace|21.8948|99.1362|10.2870|110.7440|51514|L14-SIG3|16.415908|0.1181
Trace|10.2870|144.2720|15.7480|149.7330|51514|L14-SIG3|7.723020|0.1181
Trace|17.6530|149.7330|21.5900|153.6700|51514|L14-SIG3|5.567759|0.1181
Trace|15.7480|149.7330|17.6530|149.7330|51514|L14-SIG3|1.905000|0.1181
Trace|25.4100|3.5305|21.8948|7.0457|51514|L14-SIG3|4.971244|0.1181
Trace|26.6700|-1.6510|25.4100|-0.3910|51514|L14-SIG3|1.781909|0.1181
Trace|21.8948|7.0457|21.8948|99.1362|51514|L14-SIG3|92.090500|0.1181
Trace|28.8290|-1.6510|26.6700|-1.6510|51514|L14-SIG3|2.159000|0.1181
Trace|29.0013|-1.4787|28.8290|-1.6510|51514|L14-SIG3|0.243669|0.1181
Trace|29.0013|-1.2700|29.0013|-1.4787|51514|L14-SIG3|0.208700|0.1181
Trace|29.0013|-0.3986|29.0013|-1.2700|51514|L14-SIG3|0.871400|0.0737
Trace|25.4100|-0.3910|25.4100|3.5305|51514|L14-SIG3|3.921500|0.1181
Trace|29.2000|-0.1999|29.0013|-0.3986|51514|L14-SIG3|0.281004|0.0737
Trace|30.8000|-1.9037|30.8000|-0.9999|51602|L14-SIG3|0.903800|0.1181
Trace|31.4297|-2.5334|30.8000|-1.9037|51602|L14-SIG3|0.890530|0.1181
Trace|35.2991|-2.5334|31.4297|-2.5334|51602|L14-SIG3|3.869400|0.1181
Trace|35.8694|-1.9632|35.2991|-2.5334|51602|L14-SIG3|0.806455|0.1181
Trace|35.8694|3.9657|35.8694|-1.9632|51602|L14-SIG3|5.928900|0.1181
Trace|37.3445|5.4409|35.8694|3.9657|51602|L14-SIG3|2.086177|0.1181
Trace|37.3445|6.9620|37.3445|5.4409|51602|L14-SIG3|1.521100|0.1181
Trace|38.8366|8.4541|37.3445|6.9620|51602|L14-SIG3|2.110148|0.1181
Trace|39.9501|8.4541|38.8366|8.4541|51602|L14-SIG3|1.113500|0.1181
Trace|54.0922|22.5962|39.9501|8.4541|51602|L14-SIG3|19.999950|0.1181
Trace|53.3400|172.7200|60.1980|172.7200|51602|L14-SIG3|6.858000|0.1181
Trace|52.0700|173.9900|53.3400|172.7200|51602|L14-SIG3|1.796051|0.1181
Trace|54.0922|86.7312|54.0922|22.5962|51602|L14-SIG3|64.135000|0.1181
Trace|68.8340|101.4730|54.0922|86.7312|51602|L14-SIG3|20.848053|0.1181
Trace|60.1980|172.7200|68.8340|164.0840|51602|L14-SIG3|12.213148|0.1181
Trace|68.8340|164.0840|68.8340|101.4730|51602|L14-SIG3|62.611000|0.1181
Trace|31.6517|-1.9439|32.6814|-1.9439|51604|L14-SIG3|1.029700|0.1181
Trace|31.2000|-1.4921|31.6517|-1.9439|51604|L14-SIG3|0.638871|0.1181
Trace|31.2000|-0.9999|31.2000|-1.4921|51604|L14-SIG3|0.492200|0.1181
Trace|32.6814|-1.9439|34.5712|-0.0541|51604|L14-SIG3|2.672581|0.1181
Trace|36.1279|5.5333|36.1279|9.7228|51604|L14-SIG3|4.189500|0.1181
Trace|34.5712|3.9766|36.1279|5.5333|51604|L14-SIG3|2.201506|0.1181
Trace|34.5712|-0.0541|34.5712|3.9766|51604|L14-SIG3|4.030700|0.1181
Trace|37.6684|11.2633|40.7408|11.2633|51604|L14-SIG3|3.072400|0.1181
Trace|36.1279|9.7228|37.6684|11.2633|51604|L14-SIG3|2.178596|0.1181
Trace|40.7408|11.2633|51.7477|22.2702|51604|L14-SIG3|15.566107|0.1181
Trace|51.7477|22.2702|51.7477|88.0697|51604|L14-SIG3|65.799500|0.1181
Trace|51.7477|88.0697|67.3100|103.6320|51604|L14-SIG3|22.008416|0.1181
Trace|49.5300|169.9260|48.0060|171.4500|51604|L14-SIG3|2.155261|0.1181
Trace|60.7060|169.9260|49.5300|169.9260|51604|L14-SIG3|11.176000|0.1181
Trace|48.0060|172.9740|46.9900|173.9900|51604|L14-SIG3|1.436841|0.1181
Trace|48.0060|171.4500|48.0060|172.9740|51604|L14-SIG3|1.524000|0.1181
Trace|67.3100|163.3220|60.7060|169.9260|51604|L14-SIG3|9.339466|0.1181
Trace|67.3100|103.6320|67.3100|163.3220|51604|L14-SIG3|59.690000|0.1181
Trace|31.6000|-1.1934|31.6000|-0.9999|71502|L14-SIG3|0.193500|0.1181
Trace|31.8402|-1.4336|31.6000|-1.1934|71502|L14-SIG3|0.339694|0.1181
Trace|32.2084|-1.4336|31.8402|-1.4336|71502|L14-SIG3|0.368200|0.1181
Trace|33.7873|0.1453|32.2084|-1.4336|71502|L14-SIG3|2.232902|0.1181
Trace|33.7873|4.3448|33.7873|0.1453|71502|L14-SIG3|4.199500|0.1181
Trace|34.8752|5.4327|33.7873|4.3448|71502|L14-SIG3|1.538523|0.1181
Trace|34.8752|9.9832|34.8752|5.4327|71502|L14-SIG3|4.550500|0.1181
Trace|37.5397|12.6477|34.8752|9.9832|71502|L14-SIG3|3.768172|0.1181
Trace|40.0571|12.6477|37.5397|12.6477|71502|L14-SIG3|2.517400|0.1181
Trace|49.3715|21.9621|40.0571|12.6477|71502|L14-SIG3|13.172551|0.1181
Trace|49.3715|89.6305|49.3715|21.9621|71502|L14-SIG3|67.668400|0.1181
Trace|65.7860|106.0450|49.3715|89.6305|71502|L14-SIG3|23.213609|0.1181
Trace|53.3400|162.5600|58.9280|162.5600|71502|L14-SIG3|5.588000|0.1181
Trace|52.0700|163.8300|53.3400|162.5600|71502|L14-SIG3|1.796051|0.1181
Trace|58.9280|162.5600|65.7860|155.7020|71502|L14-SIG3|9.698677|0.1181
Trace|65.7860|155.7020|65.7860|106.0450|71502|L14-SIG3|49.657000|0.1181
Trace|31.8013|-0.3986|31.6000|-0.5999|71504|L14-SIG3|0.284681|0.0737
Trace|33.0502|0.2545|32.3971|-0.3986|71504|L14-SIG3|0.923623|0.1181
Trace|32.2580|-0.3986|31.8013|-0.3986|71504|L14-SIG3|0.456700|0.0737
Trace|32.3971|-0.3986|32.2580|-0.3986|71504|L14-SIG3|0.139100|0.1181
Trace|33.0502|4.9035|33.0502|0.2545|71504|L14-SIG3|4.649000|0.1181
Trace|33.6408|5.4940|33.0502|4.9035|71504|L14-SIG3|0.835164|0.1181
Trace|33.6408|10.5268|33.6408|5.4940|71504|L14-SIG3|5.032800|0.1181
Trace|35.6870|12.5730|33.6408|10.5268|71504|L14-SIG3|2.893764|0.1181
Trace|35.6870|20.0660|35.6870|12.5730|71504|L14-SIG3|7.493000|0.1181
Trace|46.8630|31.2420|35.6870|20.0660|71504|L14-SIG3|15.805251|0.1181
Trace|46.8630|90.8050|46.8630|31.2420|71504|L14-SIG3|59.563000|0.1181
Trace|64.1350|108.0770|46.8630|90.8050|71504|L14-SIG3|24.426297|0.1181
Trace|49.0220|160.0200|58.2930|160.0200|71504|L14-SIG3|9.271000|0.1181
Trace|48.4222|160.6198|49.0220|160.0200|71504|L14-SIG3|0.848245|0.1181
Trace|48.4222|162.3979|48.4222|160.6198|71504|L14-SIG3|1.778100|0.1181
Trace|46.9900|163.8300|48.4222|162.3979|71504|L14-SIG3|2.025366|0.1181
Trace|58.2930|160.0200|64.1350|154.1780|71504|L14-SIG3|8.261836|0.1181
Trace|64.1350|154.1780|64.1350|108.0770|71504|L14-SIG3|46.101000|0.1181
Trace|8.0010|110.5362|8.0010|152.1460|71510|L14-SIG3|41.609800|0.1181
Trace|20.4470|98.0902|8.0010|110.5362|71510|L14-SIG3|17.601302|0.1181
Trace|8.0010|152.1460|15.9385|160.0835|71510|L14-SIG3|11.225320|0.1181
Trace|15.9385|160.0835|29.3541|160.0835|71510|L14-SIG3|13.415600|0.1181
Trace|25.9080|-2.4130|22.7861|0.7089|71510|L14-SIG3|4.415033|0.1181
Trace|20.4470|6.2230|20.4470|98.0902|71510|L14-SIG3|91.867200|0.1181
Trace|22.7861|3.8839|20.4470|6.2230|71510|L14-SIG3|3.307987|0.1181
Trace|22.7861|0.7089|22.7861|3.8839|71510|L14-SIG3|3.175000|0.1181
Trace|28.8290|-2.4130|25.9080|-2.4130|71510|L14-SIG3|2.921000|0.1181
Trace|29.4013|-1.8407|28.8290|-2.4130|71510|L14-SIG3|0.809354|0.1181
Trace|29.4013|-1.2700|29.4013|-1.8407|71510|L14-SIG3|0.570700|0.1181
Trace|29.4013|-0.4912|29.4013|-1.2700|71510|L14-SIG3|0.778800|0.0737
Trace|29.4913|-0.4012|29.4013|-0.4912|71510|L14-SIG3|0.127279|0.0737
Trace|29.7987|-0.4012|29.4913|-0.4012|71510|L14-SIG3|0.307400|0.0737
Trace|30.0000|-0.1999|29.7987|-0.4012|71510|L14-SIG3|0.284681|0.0737
Trace|30.7950|162.8750|31.7500|163.8300|71510|L14-SIG3|1.350574|0.1181
Trace|30.7950|161.5244|30.7950|162.8750|71510|L14-SIG3|1.350600|0.1181
Trace|29.3541|160.0835|30.7950|161.5244|71510|L14-SIG3|2.037740|0.1181
Trace|19.0635|96.6419|5.7150|109.9904|71512|L14-SIG3|18.877630|0.1181
Trace|5.7150|109.9904|5.7150|153.5430|71512|L14-SIG3|43.552600|0.1181
Trace|5.7150|153.5430|14.6050|162.4330|71512|L14-SIG3|12.572359|0.1181
Trace|14.6050|162.4330|25.2730|162.4330|71512|L14-SIG3|10.668000|0.1181
Trace|23.7490|-3.1750|20.2710|0.3030|71512|L14-SIG3|4.918635|0.1181
Trace|29.0830|-3.1750|23.7490|-3.1750|71512|L14-SIG3|5.334000|0.1181
Trace|19.0635|5.7015|19.0635|96.6419|71512|L14-SIG3|90.940400|0.1181
Trace|20.2710|4.4940|19.0635|5.7015|71512|L14-SIG3|1.707663|0.1181
Trace|20.2710|0.3030|20.2710|4.4940|71512|L14-SIG3|4.191000|0.1181
Trace|25.2730|162.4330|26.6700|163.8300|71512|L14-SIG3|1.975656|0.1181
Trace|29.8013|-2.4567|29.0830|-3.1750|71512|L14-SIG3|1.015830|0.1181
Trace|29.8013|-1.2700|29.8013|-2.4567|71512|L14-SIG3|1.186700|0.1181
Trace|29.8013|-0.9175|29.8013|-1.2700|71512|L14-SIG3|0.352500|0.0737
Trace|29.9176|-0.8012|29.8013|-0.9175|71512|L14-SIG3|0.164473|0.0737
Trace|30.0798|-0.8012|29.9176|-0.8012|71512|L14-SIG3|0.162200|0.0737
Trace|30.1987|-0.6822|30.0798|-0.8012|71512|L14-SIG3|0.168221|0.0737
Trace|30.1987|-0.4012|30.1987|-0.6822|71512|L14-SIG3|0.281000|0.0737
Trace|30.4000|-0.1999|30.1987|-0.4012|71512|L14-SIG3|0.284681|0.0737
Trace|-29.1492|-80.2640|-29.1492|-5.0516|10101|L9-SIG1|75.212400|0.1181
Trace|8.6968|-118.1100|-29.1492|-80.2640|10101|L9-SIG1|53.522326|0.1181
Trace|-30.7999|-1.3149|-30.7999|-1.0000|10101|L9-SIG1|0.314900|0.1181
Trace|-30.7999|-1.3150|-30.7999|-1.3149|10101|L9-SIG1|0.000100|0.1181
Trace|-30.7999|-3.4010|-30.7999|-1.3150|10101|L9-SIG1|2.086000|0.1181
Trace|-29.1492|-5.0516|-30.7999|-3.4010|10101|L9-SIG1|2.334372|0.1181
Trace|16.5100|-118.1100|8.6968|-118.1100|10101|L9-SIG1|7.813200|0.1181
Trace|-28.0117|-77.7240|7.4530|-113.1888|10102|L9-SIG1|50.154730|0.1181
Trace|-28.0117|-5.2387|-28.0117|-77.7240|10102|L9-SIG1|72.485300|0.1181
Trace|-30.3999|-2.8505|-28.0117|-5.2387|10102|L9-SIG1|3.377425|0.1181
Trace|-30.3999|-1.3150|-30.3999|-2.8505|10102|L9-SIG1|1.535500|0.1181
Trace|-30.3999|-1.3149|-30.3999|-1.3150|10102|L9-SIG1|0.000100|0.1181
Trace|-30.3999|-1.0000|-30.3999|-1.3149|10102|L9-SIG1|0.314900|0.1181
Trace|7.4530|-113.1888|16.6688|-113.1888|10102|L9-SIG1|9.215800|0.1181
Trace|16.6688|-113.1888|19.0500|-115.5700|10102|L9-SIG1|3.367525|0.1181
Trace|-26.7091|-73.4464|-26.7091|-5.5489|10104|L9-SIG1|67.897500|0.1181
Trace|-6.1756|-93.9800|-26.7091|-73.4464|10104|L9-SIG1|29.038825|0.1181
Trace|-29.9999|-1.0089|-29.9999|-1.0000|10104|L9-SIG1|0.008900|0.1181
Trace|-29.9998|-1.0090|-29.9999|-1.0089|10104|L9-SIG1|0.000141|0.1181
Trace|-30.0991|-1.1083|-29.9998|-1.0090|10104|L9-SIG1|0.140431|0.1181
Trace|-30.0991|-1.5216|-30.0991|-1.1083|10104|L9-SIG1|0.413300|0.1181
Trace|-29.9008|-1.7199|-30.0991|-1.5216|10104|L9-SIG1|0.280439|0.1181
Trace|-29.9008|-2.3572|-29.9008|-1.7199|10104|L9-SIG1|0.637300|0.1181
Trace|-26.7091|-5.5489|-29.9008|-2.3572|10104|L9-SIG1|4.513745|0.1181
Trace|10.5410|-93.9800|-6.1756|-93.9800|10104|L9-SIG1|16.716600|0.1181
Trace|21.5900|-105.0290|10.5410|-93.9800|10104|L9-SIG1|15.625646|0.1181
Trace|24.1300|-115.5700|21.5900|-113.0300|10104|L9-SIG1|3.592102|0.1181
Trace|21.5900|-113.0300|21.5900|-105.0290|10104|L9-SIG1|8.001000|0.1181
Trace|-25.4161|-71.3740|-4.9691|-91.8210|10106|L9-SIG1|28.916425|0.1181
Trace|-25.4161|-5.4988|-25.4161|-71.3740|10106|L9-SIG1|65.875200|0.1181
Trace|-29.5999|-1.3149|-25.4161|-5.4988|10106|L9-SIG1|5.916857|0.1181
Trace|-29.5999|-1.0000|-29.5999|-1.3149|10106|L9-SIG1|0.314900|0.1181
Trace|-4.9691|-91.8210|11.1760|-91.8210|10106|L9-SIG1|16.145100|0.1181
Trace|11.1760|-91.8210|25.0190|-105.6640|10106|L9-SIG1|19.576958|0.1181
Trace|25.0190|-111.3790|29.2100|-115.5700|10106|L9-SIG1|5.926969|0.1181
Trace|25.0190|-105.6640|25.0190|-111.3790|10106|L9-SIG1|5.715000|0.1181
Trace|-31.7500|-84.5589|8.6360|-124.9449|10201|L9-SIG1|57.114429|0.1181
Trace|-31.7500|-1.4650|-31.7500|-84.5589|10201|L9-SIG1|83.093900|0.1181
Trace|-31.5999|-1.3150|-31.7500|-1.4650|10201|L9-SIG1|0.212203|0.1181
Trace|-31.5999|-1.0000|-31.5999|-1.3150|10201|L9-SIG1|0.315000|0.1181
Trace|8.6360|-134.2390|12.8270|-138.4300|10201|L9-SIG1|5.926969|0.1181
Trace|8.6360|-124.9449|8.6360|-134.2390|10201|L9-SIG1|9.294100|0.1181
Trace|12.8270|-138.4300|16.5100|-138.4300|10201|L9-SIG1|3.683000|0.1181
Trace|-30.6611|-83.1850|10.4140|-124.2601|10203|L9-SIG1|58.088963|0.1181
Trace|-30.6611|-5.2799|-30.6611|-83.1850|10203|L9-SIG1|77.905100|0.1181
Trace|-31.1999|-4.7411|-30.6611|-5.2799|10203|L9-SIG1|0.761978|0.1181
Trace|-31.1999|-1.0000|-31.1999|-4.7411|10203|L9-SIG1|3.741100|0.1181
Trace|10.4140|-131.0640|13.8430|-134.4930|10203|L9-SIG1|4.849338|0.1181
Trace|10.4140|-124.2601|10.4140|-131.0640|10203|L9-SIG1|6.803900|0.1181
Trace|13.8430|-134.4930|19.5580|-134.4930|10203|L9-SIG1|5.715000|0.1181
Trace|20.3200|-137.1600|21.5900|-138.4300|10203|L9-SIG1|1.796051|0.1181
Trace|20.3200|-135.2550|20.3200|-137.1600|10203|L9-SIG1|1.905000|0.1181
Trace|19.5580|-134.4930|20.3200|-135.2550|10203|L9-SIG1|1.077631|0.1181
Trace|14.7320|89.9361|14.7320|151.6380|11513|L9-SIG1|61.701900|0.1181
Trace|25.4871|79.1809|14.7320|89.9361|11513|L9-SIG1|15.210079|0.1181
Trace|18.0340|154.9400|24.6380|154.9400|11513|L9-SIG1|6.604000|0.1181
Trace|14.7320|151.6380|18.0340|154.9400|11513|L9-SIG1|4.669733|0.1181
Trace|24.6380|154.9400|25.4000|155.7020|11513|L9-SIG1|1.077631|0.1181
Trace|25.4000|157.4800|26.6700|158.7500|11513|L9-SIG1|1.796051|0.1181
Trace|26.0016|4.6269|26.0016|11.6077|11513|L9-SIG1|6.980800|0.1181
Trace|27.4887|3.1398|26.0016|4.6269|11513|L9-SIG1|2.103077|0.1181
Trace|27.4887|0.9555|27.4887|3.1398|11513|L9-SIG1|2.184300|0.1181
Trace|27.8441|0.6001|27.4887|0.9555|11513|L9-SIG1|0.502612|0.1181
Trace|28.0000|0.6001|27.8441|0.6001|11513|L9-SIG1|0.155900|0.1181
Trace|25.4871|12.1222|25.4871|79.1809|11513|L9-SIG1|67.058700|0.1181
Trace|26.0016|11.6077|25.4871|12.1222|11513|L9-SIG1|0.727613|0.1181
Trace|25.4000|155.7020|25.4000|157.4800|11513|L9-SIG1|1.778000|0.1181
Trace|29.6000|1.3151|29.6000|1.0001|11601|L9-SIG1|0.315000|0.1181
Trace|30.0261|1.7412|29.6000|1.3151|11601|L9-SIG1|0.602596|0.1181
Trace|30.5592|1.7412|30.0261|1.7412|11601|L9-SIG1|0.533100|0.1181
Trace|32.3332|3.5151|30.5592|1.7412|11601|L9-SIG1|2.508744|0.1181
Trace|32.3332|9.6220|32.3332|3.5151|11601|L9-SIG1|6.106900|0.1181
Trace|35.3471|12.6360|32.3332|9.6220|11601|L9-SIG1|4.262369|0.1181
Trace|35.3471|77.3841|35.3471|12.6360|11601|L9-SIG1|64.748100|0.1181
Trace|64.2620|106.2990|35.3471|77.3841|11601|L9-SIG1|40.891844|0.1181
Trace|57.1500|179.0700|64.2620|171.9580|11601|L9-SIG1|10.057887|0.1181
Trace|64.2620|171.9580|64.2620|106.2990|11601|L9-SIG1|65.659000|0.1181
Trace|29.2000|1.8305|29.2000|1.0001|11602|L9-SIG1|0.830400|0.1181
Trace|31.0637|3.6942|29.2000|1.8305|11602|L9-SIG1|2.635670|0.1181
Trace|31.0637|10.3965|31.0637|3.6942|11602|L9-SIG1|6.702300|0.1181
Trace|34.0009|13.3338|31.0637|10.3965|11602|L9-SIG1|4.153899|0.1181
Trace|34.0009|80.7369|34.0009|13.3338|11602|L9-SIG1|67.403100|0.1181
Trace|62.4840|109.2200|34.0009|80.7369|11602|L9-SIG1|40.281186|0.1181
Trace|58.9280|174.6250|62.4840|171.0690|11602|L9-SIG1|5.028943|0.1181
Trace|56.5150|174.6250|58.9280|174.6250|11602|L9-SIG1|2.413000|0.1181
Trace|54.6100|176.5300|56.5150|174.6250|11602|L9-SIG1|2.694077|0.1181
Trace|62.4840|171.0690|62.4840|109.2200|11602|L9-SIG1|61.849000|0.1181
Trace|29.8439|3.5296|29.8439|10.6222|11604|L9-SIG1|7.092600|0.1181
Trace|28.8000|2.4857|29.8439|3.5296|11604|L9-SIG1|1.476298|0.1181
Trace|28.8000|1.0001|28.8000|2.4857|11604|L9-SIG1|1.485600|0.1181
Trace|29.8439|10.6222|32.5989|13.3772|11604|L9-SIG1|3.896158|0.1181
Trace|32.5989|13.3772|32.5989|83.6529|11604|L9-SIG1|70.275700|0.1181
Trace|32.5989|83.6529|60.5790|111.6330|11604|L9-SIG1|39.569837|0.1181
Trace|50.8427|175.2173|49.5300|176.5300|11604|L9-SIG1|1.856438|0.1181
Trace|50.8427|173.4459|50.8427|175.2173|11604|L9-SIG1|1.771400|0.1181
Trace|51.5681|172.7205|50.8427|173.4459|11604|L9-SIG1|1.025871|0.1181
Trace|58.0385|172.7205|51.5681|172.7205|11604|L9-SIG1|6.470400|0.1181
Trace|60.5790|111.6330|60.5790|170.1800|11604|L9-SIG1|58.547000|0.1181
Trace|60.5790|170.1800|58.0385|172.7205|11604|L9-SIG1|3.592810|0.1181
Trace|-2.4130|87.6173|9.4882|75.7161|11615|L9-SIG1|16.830838|0.1181
Trace|-2.4130|159.2580|-2.4130|87.6173|11615|L9-SIG1|71.640700|0.1181
Trace|16.0020|177.6730|-2.4130|159.2580|11615|L9-SIG1|26.042743|0.1181
Trace|9.4882|19.5062|15.3168|13.6776|11615|L9-SIG1|8.242885|0.1181
Trace|9.4882|75.7161|9.4882|19.5062|11615|L9-SIG1|56.209900|0.1181
Trace|18.1917|0.9852|21.7120|-2.5350|11615|L9-SIG1|4.978385|0.1181
Trace|18.1917|2.2423|18.1917|0.9852|11615|L9-SIG1|1.257100|0.1181
Trace|17.4027|3.0314|18.1917|2.2423|11615|L9-SIG1|1.115885|0.1181
Trace|16.1456|3.0314|17.4027|3.0314|11615|L9-SIG1|1.257100|0.1181
Trace|15.3168|3.8602|16.1456|3.0314|11615|L9-SIG1|1.172100|0.1181
Trace|15.3168|13.6776|15.3168|3.8602|11615|L9-SIG1|9.817400|0.1181
Trace|20.1930|177.6730|16.0020|177.6730|11615|L9-SIG1|4.191000|0.1181
Trace|21.7120|-2.5350|27.9008|-2.5350|11615|L9-SIG1|6.188800|0.1181
Trace|21.5900|179.0700|20.1930|177.6730|11615|L9-SIG1|1.975656|0.1181
Trace|28.8000|-1.6358|28.8000|-0.9999|11615|L9-SIG1|0.635900|0.1181
Trace|27.9008|-2.5350|28.8000|-1.6358|11615|L9-SIG1|1.271661|0.1181
Trace|-58.5470|-116.7130|-57.1500|-118.1100|12101|L9-SIG1|1.975656|0.1181
Trace|-58.5470|-110.7440|-58.5470|-116.7130|12101|L9-SIG1|5.969000|0.1181
Trace|-51.4333|-103.6303|-58.5470|-110.7440|12101|L9-SIG1|10.060291|0.1181
Trace|-51.4333|2.9410|-51.4333|-103.6303|12101|L9-SIG1|106.571300|0.1181
Trace|-49.1387|5.2357|-51.4333|2.9410|12101|L9-SIG1|3.245125|0.1181
Trace|-31.5247|5.2357|-49.1387|5.2357|12101|L9-SIG1|17.614000|0.1181
Trace|-30.0479|3.7589|-31.5247|5.2357|12101|L9-SIG1|2.088511|0.1181
Trace|-30.0479|1.6994|-30.0479|3.7589|12101|L9-SIG1|2.059500|0.1181
Trace|-30.3999|1.3474|-30.0479|1.6994|12101|L9-SIG1|0.497803|0.1181
Trace|-30.3999|1.0000|-30.3999|1.3474|12101|L9-SIG1|0.347400|0.1181
Trace|-54.6100|-115.5700|-49.5935|-110.5535|12102|L9-SIG1|7.094402|0.1181
Trace|-49.5935|-110.5535|-49.5935|-5.5030|12102|L9-SIG1|105.050500|0.1181
Trace|-46.1218|-2.0313|-46.1218|-0.3696|12102|L9-SIG1|1.661700|0.1181
Trace|-49.5935|-5.5030|-46.1218|-2.0313|12102|L9-SIG1|4.909725|0.1181
Trace|-46.1218|-0.3696|-45.3713|0.3810|12102|L9-SIG1|1.061438|0.1181
Trace|-41.4020|0.3810|-37.4650|4.3180|12102|L9-SIG1|5.567759|0.1181
Trace|-45.3713|0.3810|-41.4020|0.3810|12102|L9-SIG1|3.969300|0.1181
Trace|-32.2580|4.3180|-30.7999|2.8599|12102|L9-SIG1|2.062065|0.1181
Trace|-37.4650|4.3180|-32.2580|4.3180|12102|L9-SIG1|5.207000|0.1181
Trace|-30.7999|1.3149|-30.7999|1.0000|12102|L9-SIG1|0.314900|0.1181
Trace|-30.7999|1.3150|-30.7999|1.3149|12102|L9-SIG1|0.000100|0.1181
Trace|-30.7999|2.8599|-30.7999|1.3150|12102|L9-SIG1|1.544900|0.1181
Trace|-49.5300|-115.5700|-47.5942|-113.6342|12104|L9-SIG1|2.737635|0.1181
Trace|-47.5942|-113.6342|-47.5942|-106.5838|12104|L9-SIG1|7.050400|0.1181
Trace|-48.1330|-106.0450|-48.1330|-8.9911|12104|L9-SIG1|97.053900|0.1181
Trace|-47.5942|-106.5838|-48.1330|-106.0450|12104|L9-SIG1|0.761978|0.1181
Trace|-48.1330|-8.9911|-36.2209|2.9210|12104|L9-SIG1|16.846253|0.1181
Trace|-32.0040|2.9210|-31.1999|2.1169|12104|L9-SIG1|1.137169|0.1181
Trace|-36.2209|2.9210|-32.0040|2.9210|12104|L9-SIG1|4.216900|0.1181
Trace|-31.1999|2.1169|-31.1999|1.0000|12104|L9-SIG1|1.116900|0.1181
Trace|-40.6121|-109.2479|-34.2900|-115.5700|12110|L9-SIG1|8.940800|0.1181
Trace|-40.6121|-22.6182|-40.6121|-109.2479|12110|L9-SIG1|86.629700|0.1181
Trace|-44.8310|-18.3994|-40.6121|-22.6182|12110|L9-SIG1|5.966355|0.1181
Trace|-44.8310|-6.8998|-44.8310|-18.3994|12110|L9-SIG1|11.499600|0.1181
Trace|-36.5342|1.3970|-44.8310|-6.8998|12110|L9-SIG1|11.733447|0.1181
Trace|-35.1871|1.3970|-36.5342|1.3970|12110|L9-SIG1|1.347100|0.1181
Trace|-34.5582|2.0259|-35.1871|1.3970|12110|L9-SIG1|0.889399|0.1181
Trace|-32.1249|2.0259|-34.5582|2.0259|12110|L9-SIG1|2.433300|0.1181
Trace|-31.5999|1.5009|-32.1249|2.0259|12110|L9-SIG1|0.742462|0.1181
Trace|-31.5999|1.0000|-31.5999|1.5009|12110|L9-SIG1|0.500900|0.1181
Trace|-39.4970|-101.0920|-32.8930|-107.6960|12111|L9-SIG1|9.339466|0.1181
Trace|-39.4970|-22.0980|-39.4970|-101.0920|12111|L9-SIG1|78.994000|0.1181
Trace|-43.5610|-18.0340|-39.4970|-22.0980|12111|L9-SIG1|5.747364|0.1181
Trace|-43.5610|-6.9850|-43.5610|-18.0340|12111|L9-SIG1|11.049000|0.1181
Trace|-35.9760|0.6000|-43.5610|-6.9850|12111|L9-SIG1|10.726810|0.1181
Trace|-32.8930|-116.9670|-31.7500|-118.1100|12111|L9-SIG1|1.616446|0.1181
Trace|-32.8930|-107.6960|-32.8930|-116.9670|12111|L9-SIG1|9.271000|0.1181
Trace|-35.2783|0.6000|-35.9760|0.6000|12111|L9-SIG1|0.697700|0.1181
Trace|-34.7394|1.1388|-35.2783|0.6000|12111|L9-SIG1|0.762049|0.1181
Trace|-32.7542|1.1388|-34.7394|1.1388|12111|L9-SIG1|1.985200|0.1181
Trace|-32.2154|0.6000|-32.7542|1.1388|12111|L9-SIG1|0.761978|0.1181
Trace|-31.9999|0.6000|-32.2154|0.6000|12111|L9-SIG1|0.215500|0.1181
Trace|-36.1950|-100.4570|-27.6860|-108.9660|12113|L9-SIG1|12.033543|0.1181
Trace|-36.1950|-1.4031|-36.1950|-100.4570|12113|L9-SIG1|99.053900|0.1181
Trace|-34.1719|0.6200|-36.1950|-1.4031|12113|L9-SIG1|2.861095|0.1181
Trace|-32.8676|0.6200|-34.1719|0.6200|12113|L9-SIG1|1.304300|0.1181
Trace|-32.4476|0.2000|-32.8676|0.6200|12113|L9-SIG1|0.593970|0.1181
Trace|-31.9999|0.2000|-32.4476|0.2000|12113|L9-SIG1|0.447700|0.1181
Trace|-27.6860|-117.0940|-26.6700|-118.1100|12113|L9-SIG1|1.436841|0.1181
Trace|-27.6860|-108.9660|-27.6860|-117.0940|12113|L9-SIG1|8.128000|0.1181
Trace|-35.0520|-91.4400|-12.4460|-114.0460|12212|L9-SIG1|31.969712|0.1181
Trace|-35.0520|-2.1077|-35.0520|-91.4400|12212|L9-SIG1|89.332300|0.1181
Trace|-33.1443|-0.2000|-35.0520|-2.1077|12212|L9-SIG1|2.697895|0.1181
Trace|-31.9999|-0.2000|-33.1443|-0.2000|12212|L9-SIG1|1.144400|0.1181
Trace|-25.4000|-132.0800|-29.2100|-135.8900|12212|L9-SIG1|5.388154|0.1181
Trace|-15.2400|-132.0800|-25.4000|-132.0800|12212|L9-SIG1|10.160000|0.1181
Trace|-12.4460|-129.2860|-15.2400|-132.0800|12212|L9-SIG1|3.951313|0.1181
Trace|-12.4460|-114.0460|-12.4460|-129.2860|12212|L9-SIG1|15.240000|0.1181
Trace|-33.9090|-90.1556|-9.6520|-114.4126|12214|L9-SIG1|34.304578|0.1181
Trace|-33.9090|-1.9906|-33.9090|-90.1556|12214|L9-SIG1|88.165000|0.1181
Trace|-32.6220|-0.7036|-33.9090|-1.9906|12214|L9-SIG1|1.820093|0.1181
Trace|-32.1035|-0.7036|-32.6220|-0.7036|12214|L9-SIG1|0.518500|0.1181
Trace|-31.9999|-0.6000|-32.1035|-0.7036|12214|L9-SIG1|0.146513|0.1181
Trace|-22.7330|-134.4930|-24.1300|-135.8900|12214|L9-SIG1|1.975656|0.1181
Trace|-14.8590|-134.4930|-22.7330|-134.4930|12214|L9-SIG1|7.874000|0.1181
Trace|-9.6520|-129.2860|-14.8590|-134.4930|12214|L9-SIG1|7.363810|0.1181
Trace|-9.6520|-114.4126|-9.6520|-129.2860|12214|L9-SIG1|14.873400|0.1181
Trace|-32.7660|-89.4080|-7.3660|-114.8080|12215|L9-SIG1|35.921024|0.1181
Trace|-32.7660|-1.7661|-32.7660|-89.4080|12215|L9-SIG1|87.641900|0.1181
Trace|-31.9999|-1.0000|-32.7660|-1.7661|12215|L9-SIG1|1.083429|0.1181
Trace|-20.4470|-137.2870|-21.5900|-138.4300|12215|L9-SIG1|1.616446|0.1181
Trace|-14.2240|-137.2870|-20.4470|-137.2870|12215|L9-SIG1|6.223000|0.1181
Trace|-7.3660|-130.4290|-14.2240|-137.2870|12215|L9-SIG1|9.698677|0.1181
Trace|-7.3660|-114.8080|-7.3660|-130.4290|12215|L9-SIG1|15.621000|0.1181
Trace|28.5298|5.5844|28.5298|11.3960|31510|L9-SIG1|5.811600|0.1181
Trace|28.4000|5.4546|28.5298|5.5844|31510|L9-SIG1|0.183565|0.1181
Trace|28.4000|1.0001|28.4000|5.4546|31510|L9-SIG1|4.454500|0.1181
Trace|30.1930|13.0592|30.1930|85.9460|31510|L9-SIG1|72.886800|0.1181
Trace|28.5298|11.3960|30.1930|13.0592|31510|L9-SIG1|2.352120|0.1181
Trace|30.1930|85.9460|58.8010|114.5540|31510|L9-SIG1|40.457822|0.1181
Trace|35.5600|165.1000|34.2900|166.3700|31510|L9-SIG1|1.796051|0.1181
Trace|55.6260|165.1000|35.5600|165.1000|31510|L9-SIG1|20.066000|0.1181
Trace|58.8010|114.5540|58.8010|161.9250|31510|L9-SIG1|47.371000|0.1181
Trace|58.8010|161.9250|55.6260|165.1000|31510|L9-SIG1|4.490128|0.1181
Trace|30.8287|-3.4290|33.2740|-3.4290|31602|L9-SIG1|2.445300|0.1181
Trace|29.6000|-2.2002|30.8287|-3.4290|31602|L9-SIG1|1.737715|0.1181
Trace|29.6000|-0.9999|29.6000|-2.2002|31602|L9-SIG1|1.200300|0.1181
Trace|34.6029|-2.1001|34.6029|-0.0680|31602|L9-SIG1|2.032100|0.1181
Trace|33.2740|-3.4290|34.6029|-2.1001|31602|L9-SIG1|1.879348|0.1181
Trace|39.1710|4.6285|53.0403|18.4977|31602|L9-SIG1|19.614081|0.1181
Trace|39.1710|3.2590|39.1710|4.6285|31602|L9-SIG1|1.369500|0.1181
Trace|38.4435|2.5315|39.1710|3.2590|31602|L9-SIG1|1.028840|0.1181
Trace|36.6944|2.5315|38.4435|2.5315|31602|L9-SIG1|1.749100|0.1181
Trace|35.9410|1.7780|36.6944|2.5315|31602|L9-SIG1|1.065539|0.1181
Trace|35.9410|1.2700|35.9410|1.7780|31602|L9-SIG1|0.508000|0.1181
Trace|34.6029|-0.0680|35.9410|1.2700|31602|L9-SIG1|1.892288|0.1181
Trace|53.0403|18.4977|53.0403|81.2343|31602|L9-SIG1|62.736600|0.1181
Trace|53.0403|81.2343|69.4121|97.6061|31602|L9-SIG1|23.153222|0.1181
Trace|69.4121|173.9204|58.0395|185.2930|31602|L9-SIG1|16.083285|0.1181
Trace|56.0070|185.2930|54.6100|186.6900|31602|L9-SIG1|1.975656|0.1181
Trace|58.0395|185.2930|56.0070|185.2930|31602|L9-SIG1|2.032500|0.1181
Trace|69.4121|97.6061|69.4121|173.9204|31602|L9-SIG1|76.314300|0.1181
Trace|12.9540|88.1324|22.3688|78.7176|51516|L9-SIG1|13.314538|0.1181
Trace|12.9540|155.1940|12.9540|88.1324|51516|L9-SIG1|67.061600|0.1181
Trace|16.5100|158.7500|12.9540|155.1940|51516|L9-SIG1|5.028943|0.1181
Trace|22.3688|6.8412|26.8346|2.3754|51516|L9-SIG1|6.315595|0.1181
Trace|22.3688|78.7176|22.3688|6.8412|51516|L9-SIG1|71.876400|0.1181
Trace|27.4727|0.2001|28.0000|0.2001|51516|L9-SIG1|0.527300|0.1181
Trace|26.8346|0.8382|27.4727|0.2001|51516|L9-SIG1|0.902410|0.1181
Trace|26.8346|2.3754|26.8346|0.8382|51516|L9-SIG1|1.537200|0.1181
Trace|30.4000|-1.2705|30.4000|-0.9999|51601|L9-SIG1|0.270600|0.1181
Trace|30.9075|-1.7780|30.4000|-1.2705|51601|L9-SIG1|0.717713|0.1181
Trace|32.1310|-1.7780|30.9075|-1.7780|51601|L9-SIG1|1.223500|0.1181
Trace|32.6390|-1.2700|32.1310|-1.7780|51601|L9-SIG1|0.718420|0.1181
Trace|32.6390|2.1270|32.6390|-1.2700|51601|L9-SIG1|3.397000|0.1181
Trace|36.1950|5.6830|32.6390|2.1270|51601|L9-SIG1|5.028943|0.1181
Trace|36.1950|9.7295|36.1950|5.6830|51601|L9-SIG1|4.046500|0.1181
Trace|48.2600|21.7945|36.1950|9.7295|51601|L9-SIG1|17.062487|0.1181
Trace|48.2600|85.4710|48.2600|21.7945|51601|L9-SIG1|63.676500|0.1181
Trace|66.0400|103.2510|48.2600|85.4710|51601|L9-SIG1|25.144717|0.1181
Trace|58.8010|180.4670|66.0400|173.2280|51601|L9-SIG1|10.237492|0.1181
Trace|55.7530|180.4670|58.8010|180.4670|51601|L9-SIG1|3.048000|0.1181
Trace|54.6100|181.6100|55.7530|180.4670|51601|L9-SIG1|1.616446|0.1181
Trace|66.0400|173.2280|66.0400|103.2510|51601|L9-SIG1|69.977000|0.1181
Trace|11.3116|86.1258|21.2999|76.1375|51610|L9-SIG1|14.125589|0.1181
Trace|11.3116|158.2506|11.3116|86.1258|51610|L9-SIG1|72.124800|0.1181
Trace|18.2880|165.2270|11.3116|158.2506|51610|L9-SIG1|9.866119|0.1181
Trace|24.6822|2.7498|26.1192|1.3128|51610|L9-SIG1|2.032225|0.1181
Trace|23.5392|2.7498|24.6822|2.7498|51610|L9-SIG1|1.143000|0.1181
Trace|21.2999|4.9891|23.5392|2.7498|51610|L9-SIG1|3.166848|0.1181
Trace|21.2999|76.1375|21.2999|4.9891|51610|L9-SIG1|71.148400|0.1181
Trace|29.4571|165.2270|18.2880|165.2270|51610|L9-SIG1|11.169100|0.1181
Trace|26.6834|-0.1999|28.0000|-0.1999|51610|L9-SIG1|1.316600|0.1181
Trace|26.1192|0.3642|26.6834|-0.1999|51610|L9-SIG1|0.797829|0.1181
Trace|26.1192|1.3128|26.1192|0.3642|51610|L9-SIG1|0.948600|0.1181
Trace|30.4800|166.2499|29.4571|165.2270|51610|L9-SIG1|1.446599|0.1181
Trace|30.4800|172.7200|30.4800|166.2499|51610|L9-SIG1|6.470100|0.1181
Trace|31.7500|173.9900|30.4800|172.7200|51610|L9-SIG1|1.796051|0.1181
Trace|10.9410|76.9239|-0.6350|88.5000|51614|L9-SIG1|16.371007|0.1181
Trace|-0.6350|88.5000|-0.6350|157.9880|51614|L9-SIG1|69.488000|0.1181
Trace|-0.6350|157.9880|14.2240|172.8470|51614|L9-SIG1|21.013799|0.1181
Trace|18.0340|13.9255|10.9410|21.0185|51614|L9-SIG1|10.031017|0.1181
Trace|10.9410|21.0185|10.9410|76.9239|51614|L9-SIG1|55.905400|0.1181
Trace|18.0340|3.8579|18.0340|13.9255|51614|L9-SIG1|10.067600|0.1181
Trace|19.3373|2.5547|18.0340|3.8579|51614|L9-SIG1|1.843074|0.1181
Trace|14.2240|172.8470|20.4470|172.8470|51614|L9-SIG1|6.223000|0.1181
Trace|22.7810|-1.9594|19.3373|1.4844|51614|L9-SIG1|4.870198|0.1181
Trace|27.7325|-1.9594|22.7810|-1.9594|51614|L9-SIG1|4.951500|0.1181
Trace|19.3373|1.4844|19.3373|2.5547|51614|L9-SIG1|1.070300|0.1181
Trace|20.4470|172.8470|21.5900|173.9900|51614|L9-SIG1|1.616446|0.1181
Trace|28.4000|-1.2918|27.7325|-1.9594|51614|L9-SIG1|0.944058|0.1181
Trace|28.4000|-0.9999|28.4000|-1.2918|51614|L9-SIG1|0.291900|0.1181
Trace|-4.1910|86.9310|7.9677|74.7723|51616|L9-SIG1|17.194998|0.1181
Trace|-4.1910|160.5280|-4.1910|86.9310|51616|L9-SIG1|73.597000|0.1181
Trace|14.3510|179.0700|-4.1910|160.5280|51616|L9-SIG1|26.222348|0.1181
Trace|7.9677|19.2710|14.0674|13.1713|51616|L9-SIG1|8.626278|0.1181
Trace|7.9677|74.7723|7.9677|19.2710|51616|L9-SIG1|55.501300|0.1181
Trace|17.5133|0.5197|21.4336|-3.4007|51616|L9-SIG1|5.544212|0.1181
Trace|15.8633|0.5197|17.5133|0.5197|51616|L9-SIG1|1.650000|0.1181
Trace|14.0674|2.3156|15.8633|0.5197|51616|L9-SIG1|2.539786|0.1181
Trace|14.0674|13.1713|14.0674|2.3156|51616|L9-SIG1|10.855700|0.1181
Trace|16.5100|179.0700|14.3510|179.0700|51616|L9-SIG1|2.159000|0.1181
Trace|21.4336|-3.4007|28.2074|-3.4007|51616|L9-SIG1|6.773800|0.1181
Trace|29.2000|-2.4080|29.2000|-0.9999|51616|L9-SIG1|1.408100|0.1181
Trace|28.2074|-3.4007|29.2000|-2.4080|51616|L9-SIG1|1.403819|0.1181
Trace|1.0112|89.7230|19.3066|71.4275|71515|L9-SIG1|25.873674|0.1181
Trace|1.0112|156.4592|1.0112|89.7230|71515|L9-SIG1|66.736200|0.1181
Trace|14.7320|170.1800|1.0112|156.4592|71515|L9-SIG1|19.404141|0.1181
Trace|17.7800|170.1800|14.7320|170.1800|71515|L9-SIG1|3.048000|0.1181
Trace|19.0500|171.4500|17.7800|170.1800|71515|L9-SIG1|1.796051|0.1181
Trace|23.4927|-1.4006|27.5993|-1.4006|71515|L9-SIG1|4.106600|0.1181
Trace|20.4277|1.6645|23.4927|-1.4006|71515|L9-SIG1|4.334635|0.1181
Trace|20.4277|3.4483|20.4277|1.6645|71515|L9-SIG1|1.783800|0.1181
Trace|19.3066|4.5694|20.4277|3.4483|71515|L9-SIG1|1.585475|0.1181
Trace|19.3066|71.4275|19.3066|4.5694|71515|L9-SIG1|66.858100|0.1181
Trace|27.5993|-1.4006|28.0000|-0.9999|71515|L9-SIG1|0.566675|0.1181
Trace|2.9398|91.0229|2.9398|155.3398|71516|L9-SIG1|64.316900|0.1181
Trace|20.2519|73.7108|2.9398|91.0229|71516|L9-SIG1|24.483007|0.1181
Trace|2.9398|155.3398|16.5100|168.9100|71516|L9-SIG1|19.191161|0.1181
Trace|25.6340|-0.8801|20.2519|4.5019|71516|L9-SIG1|7.611368|0.1181
Trace|20.2519|4.5019|20.2519|73.7108|71516|L9-SIG1|69.208900|0.1181
Trace|27.3837|-0.8801|25.6340|-0.8801|71516|L9-SIG1|1.749700|0.1181
Trace|27.6640|-0.5999|27.3837|-0.8801|71516|L9-SIG1|0.396333|0.1181
Trace|28.0000|-0.5999|27.6640|-0.5999|71516|L9-SIG1|0.336000|0.1181
Trace|30.0000|-1.8060|30.0000|-0.9999|71602|L9-SIG1|0.806100|0.1181
Trace|30.7340|-2.5400|30.0000|-1.8060|71602|L9-SIG1|1.038033|0.1181
Trace|32.6729|-2.5400|30.7340|-2.5400|71602|L9-SIG1|1.938900|0.1181
Trace|33.6550|-1.5579|32.6729|-2.5400|71602|L9-SIG1|1.388899|0.1181
Trace|33.6550|1.1430|33.6550|-1.5579|71602|L9-SIG1|2.700900|0.1181
Trace|35.8140|3.3020|33.6550|1.1430|71602|L9-SIG1|3.053287|0.1181
Trace|35.8140|3.8100|35.8140|3.3020|71602|L9-SIG1|0.508000|0.1181
Trace|37.4650|5.4610|35.8140|3.8100|71602|L9-SIG1|2.334867|0.1181
Trace|37.4650|7.0973|37.4650|5.4610|71602|L9-SIG1|1.636300|0.1181
Trace|50.5399|20.1722|37.4650|7.0973|71602|L9-SIG1|18.490701|0.1181
Trace|50.5399|83.1789|50.5399|20.1722|71602|L9-SIG1|63.006700|0.1181
Trace|67.6910|100.3300|50.5399|83.1789|71602|L9-SIG1|24.255318|0.1181
Trace|53.3400|182.8800|58.6745|182.8800|71602|L9-SIG1|5.334500|0.1181
Trace|52.0700|184.1500|53.3400|182.8800|71602|L9-SIG1|1.796051|0.1181
Trace|58.6745|182.8800|67.6910|173.8635|71602|L9-SIG1|12.751257|0.1181
Trace|67.6910|173.8635|67.6910|100.3300|71602|L9-SIG1|73.533500|0.1181
